item_id,description,item_class,retail_1,last_unit_cost,category
%4095308020125758=20,,Non-stock item,0.0,0.0,other
1004R,4x6 Jerith style 100 5/8 pkt,Non-stock item,159.26,86.0,aluminum
10057R,54X6 Jerith style 100 5/8 pkt,Non-stock item,115.28,62.25,aluminum
1005R,5x6 Jerith style 100 5/8 pkt,Non-stock item,215.33,116.28,aluminum
1006R,6x6 Jerith style 100 5/8 pkt,Non-stock item,243.7,131.6,aluminum
1014R,4x6 Jerith style 101 5/8 pkt,Non-stock item,159.26,86.0,aluminum
10157R,54X6 Jerith style 101 5/8 pkt,Non-stock item,115.28,62.25,aluminum
1015R,5x6 Jerith style 101 5/8 pkt,Non-stock item,215.33,116.28,aluminum
1016R,6x6 Jerith style 101 5/8 pkt,Non-stock item,243.7,131.6,aluminum
104SS,S.S. GRAVITY LATCH nw38210ssb,Non-stock item,32.15,21.22,gate
1053,2 x 3-1/2 WEDGE,Non-stock item,3.17,1.33,other
1054,T RAIL WEDGE,Non-stock item,3.17,1.33,other
1096,4 x 4 DECO KNUCKLE,Non-stock item,5.22,2.61,other
1098,5 x 5 DECO KNUCKLE #1098,Non-stock item,11.74,5.87,other
10CCA,ACQ POST 4 x 4 x 10'  TREATED,Non-stock item,38.76,19.38,post
10CCAF,ACQ POST 4 x 4 x 10'  FLAT GOT,Non-stock item,56.0,28.0,post
10CCAG,ACQ POST 4 x 4 x 10'  GOTHIC T,Non-stock item,56.0,28.0,post
10CCAH,ACQ POST 4 x 4 x 10'  HEX TOP,Non-stock item,56.0,28.0,post
10CCAP,ACQ POST 4 x 4 x 10'  POINTED,Non-stock item,56.0,28.0,post
10COM,10D COMMON NAIL,Non-stock item,3.9,1.17,other
10CR,10' CEDAR RAIL,Non-stock item,50.07,22.53,wood
10GAZ,10' GAZEBO KIT,Non-stock item,3127.27,1720.0,other
10SO,10 in SILVER STRAP ONLY PR.,Non-stock item,14.5,5.8,other
1100,DECORATIVE TRANSITION,Non-stock item,10.48,5.24,other
1111,"8"""" COLUMN ADP for 2 x 3-1/2 R",Non-stock item,5.36,2.25,other
1112,T RAIL ROUND POST CONNECTOR,Non-stock item,5.36,2.25,post
1114R,4x6 Jerith style 101 5/8 pkt,Non-stock item,159.26,86.0,aluminum
11157R,54X6 Jerith style 111 5/8 pkt,Non-stock item,115.28,62.25,aluminum
1115R,5x6 Jerith style 111 5/8 pkt,Non-stock item,215.33,116.28,aluminum
1116R,6x6 Jerith style 111 5/8 pkt,Non-stock item,243.7,131.6,aluminum
1117,4 in SEAMLESS DOME CAP,Non-stock item,15.73,2.36,other
1119,5 in SEAMLESS DOME CAP,Non-stock item,22.2,3.33,other
1156,4 in TWO PC. POST SKIRT,Non-stock item,5.38,2.15,post
1157,5 in TWO PC. POST SKIRT,Non-stock item,5.25,2.1,post
1181W,Hole Plug strip of 12 pcs for,Non-stock item,4.27,0.47,other
1186-36,36 IN FLOWER BOX,Non-stock item,191.7,95.85,other
1186-48,48 IN FLOWER BOX,Non-stock item,226.2,113.1,other
1186-60,60 IN FLOWER BOX,Non-stock item,265.36,132.68,other
11LR,11' CYPRESS  RAIL,Non-stock item,33.91,15.6,other
1215-20,20 x 20 x 20 PLANTER BOX,Non-stock item,452.2,226.1,other
1215-36,20 x 20 x 36 PLANTER BOX,Non-stock item,549.98,274.99,other
1215-48,20 x 20 x 48 PLANTER BOX,Non-stock item,668.54,334.27,other
1254,2 PIECE FOOT BLOCK KIT,Non-stock item,5.37,1.45,other
1255,3 PIECE FOOT BLOCK KIT,Non-stock item,5.44,1.47,other
12CCA,ACQ POST 4 x 4 x 12'  TREATED,Non-stock item,38.02,19.01,post
12TH,12 in BLACK ORNAMENTAL TEE HIN,Non-stock item,51.4,20.56,other
1305A,8 in round column adapter stra,Non-stock item,7.74,3.25,other
1305B,8 in round column adapter stai,Non-stock item,6.5,2.73,other
1321,t rail straight bracket kit w/,Non-stock item,10.08,5.04,other
1321A,t rail straight bracket kit w/,Non-stock item,29.24,14.62,other
1357,t rail stair brkt kit w/caplug,Non-stock item,11.8,5.9,other
1358,2x3-1/2 stair brkt kit w/caplu,Non-stock item,11.8,5.9,other
1359,2x3-1/2 straight bracket kit w,Non-stock item,9.7,4.85,other
1390,Large Ball Top Pvc,Non-stock item,42.67,19.2,vinyl_pvc
1435,2x3-1/2 ANGLE WIZ stair brkt 4,Non-stock item,34.55,16.24,other
1436,ANGLE WIZ T RAIL stair brkt 4,Non-stock item,39.26,18.45,other
1460,2x3-1/2 ANGLE WIZ Rail angle b,Non-stock item,39.26,18.45,other
1461,ANGLE WIZ T Rail angle brkt le,Non-stock item,43.62,20.5,other
152RG4,2 RAIL 4' GATE 1-1/2 x 5-1/2,Non-stock item,164.36,57.18,gate
152RG6,2 RAIL 6' GATE 1-1/2 x 5-1/2,Non-stock item,177.72,63.86,gate
152RG8,2 RAIL 8' GATE 1-1/2 x 5-1/2,Non-stock item,191.08,70.54,gate
153RG4,3 RAIL 4' GATE 1-1/2 x 5-1/2,Non-stock item,190.98,70.49,gate
153RG6,3 RAIL 6' GATE 1-1/2 x 5-1/2,Non-stock item,211.02,80.51,gate
153RG8,3 RAIL 8' GATE 1-1/2 x 5-1/2,Non-stock item,231.06,90.53,gate
154RG4,4 RAIL 4' GATE 1-1/2 x 5-1/2,Non-stock item,217.6,83.8,gate
154RG6,4 RAIL 6' GATE 1-1/2 x 5-1/2,Non-stock item,244.32,97.16,gate
154RG8,4 RAIL 8' GATE 1-1/2 x 5-1/2,Non-stock item,271.04,110.52,gate
1589,12 watt power supply w/photo c,Non-stock item,84.2,42.1,other
1590,50 watt power supply w/photo c,Non-stock item,270.0,135.0,other
1598w,led stair/side light w/2covers,Non-stock item,13.16,6.58,other
1599W,Led dome side light white colo,Non-stock item,57.5,11.5,other
1626,2' led harness,Non-stock item,6.43,2.57,other
16-2STRAND,16-2 stranded low voltage land,Non-stock item,0.34,0.17,other
1645,Cape May downward low voltage,Non-stock item,35.6,17.8,other
16-4STRAND,16/4 str Audio CM/CL3 Oxy Free,Non-stock item,205.05,133.28,other
1652,solar dome side light,Non-stock item,18.44,9.22,other
1656,5 in Neptune Solar post cap wi,Non-stock item,44.7,22.35,post
1661,4 in haven scalloped low volta,Non-stock item,62.0,31.0,other
18DRB,DELUX CANE BOLT 18 in.,Non-stock item,31.25,12.5,gate
18RWRM,3/16 wire rope clip malleable,Non-stock item,0.63,0.41,chain_link
1-CC461-01,1-CC461-01,Description only,0.0,,other
2004R,4x6 Jerith style 200 5/8 pkt,Non-stock item,159.26,86.0,aluminum
20054R,54x6 Jerith style 200 5/8 pkt,Non-stock item,215.33,116.28,aluminum
2005R,5x6 Jerith style 200 5/8 pkt,Non-stock item,215.33,116.28,aluminum
2006R,6x6 Jerith style 200 5/8 pkt,Non-stock item,243.7,131.6,aluminum
2024R,4x6 Jerith style 202 5/8 pkt,Non-stock item,159.26,86.0,aluminum
20254R,54x6 Jerith style 202 5/8 pkt,Non-stock item,215.33,116.28,aluminum
2025R,5x6 Jerith style 202 5/8 pkt,Non-stock item,215.33,116.28,aluminum
2026R,6x6 Jerith style 202 5/8 pkt,Non-stock item,243.7,131.6,aluminum
2114R,4x6 Jerith style 211 5/8 pkt,Non-stock item,159.26,86.0,aluminum
21154R,54x6 Jerith style 211 5/8 pkt,Non-stock item,215.33,116.28,aluminum
2115R,5x6 Jerith style 211 5/8 pkt,Non-stock item,215.33,116.28,aluminum
2116R,6x6 Jerith style 211 5/8 pkt,Non-stock item,243.7,131.6,aluminum
24DRB,DELUX CANE BOLT 24 in nw38305-,Non-stock item,37.65,15.06,gate
250625,1/4 in DOUBLE EDGE ROUTER BIT,Non-stock item,46.48,18.59,other
250725,1/4 SINGLE EDGE ROUTER BIT,Non-stock item,39.38,15.75,other
25BP6,2-1/2 x 2-1/2 x6  BLANK POST A,Non-stock item,61.82,34.0,post
25BP7,2-1/2 x 2-1/2 x 7 BLANK POST A,Non-stock item,69.09,38.0,post
25BP8,2-1/2 x 2-1/2 x 8 BLANK POST A,Non-stock item,80.0,44.0,post
25CP6,2-1/2 x 2-1/2 x 6 CORNER POST,Non-stock item,61.82,34.0,post
25CP7,2-1/2 x 2-1/2 x 7 CORNER POST,Non-stock item,69.09,38.0,post
25CP8,2-1/2 x 2-1/2 x 8 CORNER POST,Non-stock item,80.0,44.0,post
25EP6,2-1/2 x 2-1/2 x 6 END POST ALU,Non-stock item,61.82,34.0,post
25EP7,2-1/2 x 2-1/2 x 7 END POST ALU,Non-stock item,69.09,38.0,post
25EP8,2-1/2 x 2-1/2 x 8 END POST ALU,Non-stock item,80.0,44.0,post
25HBP6,2-1/2 x 2-1/2 x 6 H. BLANK POS,Non-stock item,90.91,50.0,other
25HBP7,21/2 x 2-1/2 x 7 H. BLANK POST,Non-stock item,105.45,58.0,post
25HBP8,2-1/2 x 2-1/2 x 8 H. BLANK POS,Non-stock item,120.91,66.5,other
25HEP6,2-1/2 x 2-1/2 x 6 H. END POST,Non-stock item,90.91,50.0,post
25HEP7,2-1/2 x 2-1/2 x 7 H. END POST,Non-stock item,105.45,58.0,post
25HEP8,2-1/2 x 2-1/2 x 8 H. END POST,Non-stock item,120.91,66.5,post
25LP6,2-1/2 x 2-1/2 x 6 LINE POST AL,Non-stock item,61.82,34.0,post
25LP7,2-1/2 x 2-1/2 x 7 LINE POST AL,Non-stock item,69.09,38.0,post
25LP8,2-1/2 x 2-1/2 x 8 LINE POST AL,Non-stock item,80.0,44.0,post
2600-466,rear bearing assembly for 9150,Non-stock item,142.25,78.24,other
2600-904,DRIVE SHAFT ASSEMBLY 9150 DOOR,Non-stock item,190.84,72.52,other
2600-917,jab nut magnetic sub assembly,Non-stock item,30.73,16.9,other
262RG4,2 RAIL 4' GATE 2 x 6,Non-stock item,214.52,82.26,gate
262RG6,2 RAIL 6' GATE 2 x 6,Non-stock item,229.88,89.94,gate
262RG8,2 RAIL 8' GATE 2 x 6,Non-stock item,245.24,97.62,gate
263RG4,3 RAIL 4' GATE 2 x 6,Non-stock item,243.14,96.57,gate
263RG6,3 RAIL 6' GATE 2 x 6,Non-stock item,266.18,108.09,gate
263RG8,3 RAIL 8' GATE 2 x 6,Non-stock item,289.22,119.61,gate
264RG4,4 RAIL 4' GATE 2 x 6,Non-stock item,271.76,110.88,gate
264RG6,4 RAIL 6' GATE 2 x 6,Non-stock item,302.48,126.24,gate
264RG8,4 RAIL 8' GATE 2 x 6,Non-stock item,333.2,141.6,gate
266116108-01,"6""""x108"""" straight round struc",Non-stock item,436.8,218.4,other
2BP6,2 x 2 x 6 BLANK POST ALUMINUM,Non-stock item,40.44,22.24,post
2BP7,2 x 2 x 7 BLANK POST ALUMINUM,Non-stock item,43.0,23.65,post
2BP8,2 x 2 x 8 BLANK POST ALUMINUM,Non-stock item,46.98,25.84,post
2CP6,2 x 2 x 6 CORNER POST ALUMINUM,Non-stock item,40.44,22.24,post
2CP7,2 x 2 x 7 CORNER POST ALUMINUM,Non-stock item,43.0,23.65,post
2CP8,2 x 2 x 8 CORNER POST ALUMINUM,Non-stock item,46.98,25.84,post
2EP6,2 x 2 x 6 END POST ALUMINUM,Non-stock item,40.44,22.24,post
2EP7,2 x 2 x 7 END POST ALUMINUM,Non-stock item,43.0,23.65,post
2EP8,2 x 2 x 8 END POST ALUMINUM,Non-stock item,46.98,25.84,post
2HBP6,2 x 2 x 6 H. BLANK POST ALUMIN,Non-stock item,87.27,48.0,post
2HBP7,2 x 2 x 7 H. BLANK POST ALUMIN,Non-stock item,75.07,41.29,post
2HBP8,2 x 2 x 8 H. BLANK POST ALUMIN,Non-stock item,88.13,48.47,post
2HCC,2 HOLE CEDAR CORNER POST,Non-stock item,39.52,24.5,post
2HCE,2 HOLE CEDAR END POST,Non-stock item,39.52,24.5,post
2HCL,2 HOLE CEDAR LINE POST,Non-stock item,34.53,21.41,post
2HEP6,2 x 2 x 6 H. END POST ALUMINUM,Non-stock item,87.27,48.0,post
2HEP7,2 x 2 x 7 H. END POST ALUMINUM,Non-stock item,75.07,41.29,post
2HEP8,2 x 2 x 8 H. END POST ALUMINUM,Non-stock item,88.13,48.47,post
2HLC,2 HOLE LOCUST CORNER POST 6',Non-stock item,53.5,26.75,post
2HLE,2 HOLE LOCUST END POST 6',Non-stock item,49.52,24.76,post
2HLL,2 HOLE LOCUST LINE POST 6',Non-stock item,53.58,26.79,post
2LP6,2 x 2 x 6 LINE POST ALUMINUM,Non-stock item,40.44,22.24,post
2LP7,2 x 2 x 7 LINE POST ALUMINUM,Non-stock item,43.0,23.65,post
2LP8,2 x 2 x 8 LINE POST ALUMINUM,Non-stock item,46.98,25.84,post
3000W,1-1/2 x1-1/2x 36-1/2 COLONIAL,Non-stock item,12.4,3.72,other
3020,NEWEL POST 4 x 4 x 48 in,Non-stock item,62.47,34.36,post
3021,PORCH POST 4 x 4 x 108 3400 LB,Non-stock item,207.42,114.08,post
3022,PORCH POST 5 x 5 x 108 5000 LB,Non-stock item,236.36,130.0,post
30D,30 D FENCE SPIKES,Non-stock item,5.71,2.0,other
3100,1-1/2X1-1/2x36-1/2 pressure fo,Non-stock item,12.4,3.72,other
371LM,Powermaster single button 371L,Non-stock item,30.77,20.0,other
3BP6,3 X 3 X 6 BLANK POSTS ALUMINUM,Non-stock item,109.09,60.0,post
3BP7,3 X 3 X 7 BLANK POSTS ALUMINUM,Non-stock item,78.93,43.41,post
3BP8,3 X 3 X 8 BLANK POSTS ALUMINUM,Non-stock item,178.18,98.0,post
3BXL,EXT 3 BUTTON W/ LOCKOUT,Non-stock item,111.95,72.77,other
3EP6,3 X 3 X 6 END POSTS ALUMINUM,Non-stock item,109.09,60.0,post
3EP7,3 X 3 X 7 END POSTS ALUMINUM,Non-stock item,78.93,43.41,post
3EP8,3 X 3 X 8 END POSTS ALUMINUM,Non-stock item,178.18,98.0,post
3HCC,3 HOLE CEDAR CORNER POST,Non-stock item,39.18,24.29,post
3HCE,3 HOLE CEDAR END POST,Non-stock item,36.71,22.76,post
3HCL,3 HOLE CEDAR LINE POST,Non-stock item,35.6,22.07,post
3HLC,3 HOLE PRESSURE TREATED CORNER,Non-stock item,41.08,20.54,wood
3HLE,3 HOLE PRESSURE TREATED END PO,Non-stock item,40.64,20.32,wood
3HLL,3 HOLE PRESSURE TREATED LINE P,Non-stock item,38.3,19.15,wood
4004R,4x6 Jerith style 400 5/8 pkt 2,Non-stock item,0.0,0.0,aluminum
4005R,5x6 Jerith style 400 5/8 pkt,Non-stock item,0.0,0.0,aluminum
4006R,6x6 Jerith style 400 5/8 pkt,Non-stock item,0.0,0.0,aluminum
4014R,4x6 Jerith style 401 5/8 pkt 2,Non-stock item,0.0,0.0,aluminum
4015R,5x6 Jerith style 401 5/8 pkt,Non-stock item,0.0,0.0,aluminum
4016R,6x6 Jerith style 401 5/8 pkt,Non-stock item,0.0,0.0,aluminum
4024R,4x6 Jerith style 402 5/8 pkt 2,Non-stock item,0.0,0.0,aluminum
4025R,5x6 Jerith style 402 5/8 pkt,Non-stock item,0.0,0.0,aluminum
4026R,6x6 Jerith style 402 5/8 pkt,Non-stock item,0.0,0.0,aluminum
40D,40 D STOCKADE NAILS per lb.,Non-stock item,8.0,2.0,section_panel
41SP,4 SPRUCE PICKET ONLY,Non-stock item,7.2,1.8,section_panel
44,MONTPT SCAL GATE 6 x 3 OPEN,Non-stock item,220.35,88.58,gate
481C,4 x 8 CEDAR STOCKADE 3/4 #1,Non-stock item,153.89,109.26,section_panel
481CS,4 x 8 SCAL CEDAR STOCK. 3/4 #1,Non-stock item,0.0,0.0,wood
481CSP,4X8 CEDAR STOCKADE SPACED PICK,Non-stock item,54.79,38.9,section_panel
481S,4 x 8 SPRUCE STOCKADE 3/4 #1,Non-stock item,64.38,45.71,section_panel
481SS,4 x 8 SCAL SPRUCE STOCKADE #1,Non-stock item,0.0,0.0,section_panel
482C,4 x 8 CEDAR STOCKADE 3/4 #2,Non-stock item,0.0,0.0,section_panel
4CP6,CORNER POST 4 x 4 x 78 white c,Non-stock item,31.5,16.17,post
4CP8,CORNER POST 4 x 4 x 8 white co,Non-stock item,37.74,19.6,post
4CP9,CORNER POST 4 x 4 x 9 white co,Non-stock item,42.19,22.05,post
4EP6,END POST 4 x 4 x 78 white colo,Non-stock item,30.45,16.17,post
4EP8,END POST 4 x 4 x 8 white color,Non-stock item,36.69,19.6,post
4EP9,END POST 4 x 4 x 9 white color,Non-stock item,41.14,22.05,post
4HEP6,4 x 4 x 7 HEAVY POST ALUMINUM,Non-stock item,118.64,65.25,post
4HEP7,4 x 4 x 7 HEAVY POST ALUMINUM,Non-stock item,118.64,65.25,post
4HEP8,4 x 4 x 8 HEAVY POST ALUMINUM,Non-stock item,139.09,76.5,post
4HEP9,4 x 4 x 108 HEAVY POST ALUMINU,Non-stock item,139.09,76.5,post
4LP6,LINE POST 4 x 4 x 78 white col,Non-stock item,31.05,15.93,post
4LP8,LINE POST 4 x 4 x 8 white colo,Non-stock item,37.74,19.6,post
4LP9,LINE POST 4 x 4 x 9 white colo,Non-stock item,42.19,22.05,post
4RS,4' ECONO.ROSEDALE SPECIAL,Non-stock item,79.8,39.9,other
4SKIRT,4 in POST SKIRT 1069 a-w,Non-stock item,7.86,2.75,post
4SKIRTA,4 in POST SKIRT ALMOND #1070,Non-stock item,9.04,3.16,post
5250,SUBURBAN ARBOR W/O WINGS,Non-stock item,605.64,333.1,other
5300W,CLASSIC ARBOR,Non-stock item,1300.27,654.1,other
5350,PERGOLA 88W x 99H x 54D,Non-stock item,1081.78,533.93,other
5451,SUBURBAN MAILBOX AND POST,Non-stock item,259.09,142.5,post
5455,VICTORIAN SINGLE ROSE MAILBOX,Non-stock item,284.18,156.3,other
5456,VICTORIAN DOUBLE ROSE MAILBOX,Non-stock item,270.55,148.8,other
581C,5 x 8 CEDAR STOCKADE 3/4 #1,Non-stock item,225.35,160.0,section_panel
581S,5 x 8 SPRUCE STOCKADE 3/4 #1,Non-stock item,76.1,54.03,section_panel
5CP10,CORNER POST 5 x 5 x 10' white,Non-stock item,42.28,22.1,post
5CP10A,CORNER POST 5 x 5 x 10' almond,Non-stock item,46.3,24.31,post
5CP10AD,CORNER POST 5 x 5 x 10' adobe,Non-stock item,48.31,25.42,post
5CP12,CORNER POST 5 x 5 x 12' white,Non-stock item,55.14,29.17,post
5CP12A,CORNER POST 5 x 5 x 12' almond,Non-stock item,79.99,42.84,post
5CP12AD,CORNER POST 5 x 5 x 12' adobe,Non-stock item,87.78,47.12,post
5CP78,CORNER POST 5 x 5 x 6-1/2 whit,Non-stock item,28.22,14.37,post
5CP78A,CORNER POST 5 x 5 x 6-1/2 almo,Non-stock item,30.83,15.8,post
5CP78AD,CORNER POST 5 x 5 x 6-1/2 adob,Non-stock item,32.14,16.52,post
5CP78B,5X5X78 CORNER POST BLACK COLOR,Non-stock item,65.91,36.25,post
5CP78G,CORNER POST 5 x 5 x 6-1/2 gray,Non-stock item,30.83,15.8,post
5CP8,CORNER POST 5 x 5 x 8 white co,Non-stock item,38.26,19.89,post
5CP8A,CORNER POST 5 x 5 x 8 almond c,Non-stock item,41.88,21.88,post
5CP8AD,CORNER POST 5 x 5 x 8 adobe co,Non-stock item,43.69,22.87,post
5CP8G,CORNER POST 5 x 5 x 8 gray col,Non-stock item,41.88,21.88,post
5CP9,CORNER POST 5 x 5 x 9 white co,Non-stock item,38.26,19.89,post
5CP9A,CORNER POST 5 x 5 x 9 almond c,Non-stock item,41.88,21.88,post
5CP9AD,CORNER POST 5 x 5 x 9 adobe co,Non-stock item,43.69,22.87,post
5CP9B,5X5X9 CORNER POST BLACK COLOR,Non-stock item,86.96,47.83,post
5CP9G,CORNER POST 5 x 5 x 9 Gray col,Non-stock item,41.88,21.88,post
5EP10,END POST 5 x 5 x 10' white col,Non-stock item,41.23,22.1,post
5EP10A,END POST 5 x 5 x 10' almond co,Non-stock item,45.25,24.31,post
5EP10AD,END POST 5 x 5 x 10' adobe col,Non-stock item,47.26,25.42,post
5EP12,END POST 5 x 5 x 12' white col,Non-stock item,49.27,26.52,post
5EP12A,END POST 5 x 5 x 12' almond co,Non-stock item,54.09,29.17,post
5EP12AD,END POST 5 x 5 x 12' adobe col,Non-stock item,56.5,30.5,post
5EP78,END POST 5 x 5 x 6-1/2 white c,Non-stock item,27.17,14.37,post
5EP78A,END POST 5 x 5 x 6-1/2 almond,Non-stock item,29.78,15.8,post
5EP78AD,END POST 5 x 5 x 6-1/2 adobe c,Non-stock item,31.09,16.52,post
5EP78B,5X5X78 END POST BLACK COLOR,Non-stock item,65.91,36.25,post
5EP78G,END POST 5 x 5 x 6-1/2 Gray co,Non-stock item,29.78,15.8,post
5EP8,END POST 5 x 5 x 8 white color,Non-stock item,37.21,19.89,post
5EP8A,END POST 5 x 5 x 8 almond colo,Non-stock item,40.83,21.88,post
5EP8AD,END POST 5 x 5 x 8 adobe color,Non-stock item,42.64,22.87,post
5EP8G,END POST 5 x 5 x 8 Gray color,Non-stock item,40.83,21.88,post
5EP9,END POST 5 x 5 x 9 white color,Non-stock item,37.21,19.89,post
5EP9A,END POST 5 x 5 x 9 almond colo,Non-stock item,40.83,21.88,post
5EP9AD,END POST 5 x 5 x 9 adobe color,Non-stock item,42.64,22.87,post
5EP9B,5X5X9 END POST BLACK COLOR,Non-stock item,86.96,47.83,post
5EP9G,END POST 5 x 5 x 9 gray color,Non-stock item,40.83,21.88,post
5HCP10,HEAVY CORNER POST 5 x 5 x 10 w,Non-stock item,67.01,35.7,post
5HCP11,HEAVY CORNER POST 5 x 5 x 11 w,Non-stock item,73.5,39.27,post
5HCP12,HEAVY CORNER POST 5 x 5 x 12 w,Non-stock item,79.99,42.84,post
5HCP9,HEAVY CORNER POST 5 x 5 x 9 wh,Non-stock item,60.52,32.13,post
5HCP9A,HEAVY CORNER POST 5 x 5 x 9 al,Non-stock item,66.36,35.34,post
5HCP9AD,HEAVY CORNER POST 5 x 5 x 9 ad,Non-stock item,69.28,36.95,post
5HEP10,HEAVY END POST 5 x 5 x 10 whit,Non-stock item,65.96,35.7,post
5HEP11,HEAVY END POST 5 x 5 x 11 whit,Non-stock item,72.45,39.27,post
5HEP12,HEAVY END POST 5 x 5 x 12 whit,Non-stock item,78.94,42.84,post
5HEP78,HEAVY END POST 5 x 5 x 6-1/2 w,Non-stock item,43.24,23.21,post
5HEP78A,HEAVY END POST 5 x 5 x 6-1/2 a,Non-stock item,47.46,25.53,post
5HEP78AD,HEAVY END POST 5 x 5 x 6-1/2 a,Non-stock item,49.57,26.69,post
5HEP8,HEAVY END POST 5 x 5 x 8 white,Non-stock item,52.98,28.56,post
5HEP8A,HEAVY END POST 5 x 5 x 8 almon,Non-stock item,58.17,31.42,post
5HEP8AD,HEAVY END POST 5 x 5 x 8 adobe,Non-stock item,60.77,32.84,post
5HEP9,HEAVY END POST 5 x 5 x 9 white,Non-stock item,59.47,32.13,post
5HEP9A,HEAVY END POST 5 x 5 x 9 almon,Non-stock item,65.31,35.34,post
5HEP9AD,HEAVY END POST 5 x 5 x 9 adobe,Non-stock item,68.23,36.95,post
5HLP10,HEAVY LINE POST 5 x 5 x 10 whi,Non-stock item,67.01,35.7,post
5HLP10A,HEAVY LINE POST 5 x 5 x 10 alm,Non-stock item,73.5,39.27,post
5HLP10AD,HEAVY LINE POST 5 x 5 x 10 ado,Non-stock item,76.75,41.06,post
5HLP11,HEAVY LINE POST 5 x 5 x 11 whi,Non-stock item,73.5,39.27,post
5HLP12,HEAVY LINE POST 5 x 5 x 12 whi,Non-stock item,79.99,42.84,post
5HLP12A,HEAVY LINE POST 5 x 5 x 12 alm,Non-stock item,87.78,47.12,post
5HLP12AD,HEAVY LINE POST 5 x 5 x 12 ado,Non-stock item,91.67,49.27,post
5HLP9,HEAVY LINE POST 5 x 5 x 9 whit,Non-stock item,60.52,32.13,post
5HLP9A,HEAVY LINE POST 5 x 5 x 9 almo,Non-stock item,66.36,35.34,post
5HLP9AD,HEAVY LINE POST 5 x 5 x 9 adob,Non-stock item,69.28,36.95,post
5LP10,LINE POST 5 x 5 x 10 white col,Non-stock item,42.28,22.1,post
5LP10A,LINE POST 5 x 5 x 10 almond c,Non-stock item,46.3,24.31,post
5LP10AD,LINE POST 5 x 5 x 10 adobe col,Non-stock item,48.31,25.42,post
5LP12,LINE POST 5 x 5 x 12 white col,Non-stock item,50.32,26.52,post
5LP12A,LINE POST 5 x 5 x 12 almond co,Non-stock item,55.14,29.17,post
5LP12AD,LINE POST 5 x 5 x 12 adobe col,Non-stock item,57.55,30.5,post
5LP78,LINE POST 5 x 5 x 6-1/2 white,Non-stock item,28.22,14.37,post
5LP78A,LINE POST 5 x 5 x 6-1/2 almond,Non-stock item,30.83,15.8,post
5LP78AD,LINE POST 5 x 5 x 6-1/2 adobe,Non-stock item,32.14,16.52,post
5LP78B,5X5X78 END POST BLACK COLOR,Non-stock item,65.91,36.25,post
5LP78G,LINE POST 5 x 5 x 6-1/2 Gray c,Non-stock item,30.83,15.8,post
5LP8,LINE POST 5 x 5 x 8 white colo,Non-stock item,38.26,19.89,post
5LP8A,LINE POST 5 x 5 x 8 almond col,Non-stock item,41.88,21.88,post
5LP8AD,LINE POST 5 x 5 x 8 adobe colo,Non-stock item,43.69,22.87,post
5LP8G,LINE POST 5 x 5 x 8 Gray color,Non-stock item,37.46,19.45,post
5LP9,LINE POST 5 x 5 x 9 white colo,Non-stock item,38.26,19.89,post
5LP9A,LINE POST 5 x 5 x 9 almond col,Non-stock item,41.88,21.88,post
5LP9AD,LINE POST 5 x 5 x 9 adobe colo,Non-stock item,43.69,22.87,post
5LP9B,5X5X9 END POST BLACK COLOR,Non-stock item,86.96,47.83,post
5LP9g,LINE POST 5 x 5 x 9 gray color,Non-stock item,41.88,21.88,post
5SKIRT,5 in POST SKIRT #1070,Non-stock item,19.29,6.75,post
5WINCP78,WINDSOR CORNER POST 5 x 5 x 78,Non-stock item,32.12,14.59,post
5WINCP8,WINDSOR CORNER POST 5 x 5 x 8,Non-stock item,43.16,19.89,post
5WINEP78,WINDSOR END POST 5 x 5 x 78,Non-stock item,30.93,15.47,post
5WINEP8,WINDSOR END POST 5 x 5 x 8,Non-stock item,39.66,19.89,post
5WINHCP9,WINDSOR H.D. CORNER POST 5 x 5,Non-stock item,66.82,32.13,post
5WINHEP78,WINDSOR H.D. END POST 5 x 5 x,Non-stock item,48.24,24.99,post
5WINHEP8,WINDSOR H.D. END POST 5 x 5 x,Non-stock item,61.92,32.13,post
5WINHEP9,WINDSOR H.D. END POST 5 x 5 x,Non-stock item,62.62,32.13,post
5WINHLP9,WINDSOR H.D. LINE POST 5 x 5 x,Non-stock item,66.82,32.13,post
5WINLP78,WINDSOR LINE POST 5 x 5 x 78,Non-stock item,33.73,15.47,post
5WINLP8,WINDSOR LINE POST 5 x 5 x 8,Non-stock item,43.16,19.89,post
6015,dac gate protector,Non-stock item,30.0,16.5,gate
6035S36,36 in STD PANIC BAR no lock bo,Non-stock item,543.64,299.0,other
6035S48,48 in STD PANIC BAR no lock bo,Non-stock item,543.64,299.0,other
6045S36,36 in SUPERIOR PANIC BAR with,Non-stock item,909.09,500.0,other
6045S48,48 in SUPERIOR PANIC BAR with,Non-stock item,909.09,500.0,other
6047S36,36 in SUPERIOR PANIC BAR with,Non-stock item,1027.27,565.0,other
6047S48,48 in SUPERIOR PANIC BAR with,Non-stock item,1027.27,565.0,other
61SP,6 SPRUCE PICKET ONLY,Non-stock item,3.6,1.8,section_panel
681C,6 x 8 CEDAR STOCKADE 3/4 #1,Non-stock item,242.42,160.0,section_panel
681S,6 x 8 SPRUCE STOCKADE 3/4 #1,Non-stock item,104.47,68.95,section_panel
6COM,6D-COMMON NAIL PICKET,Non-stock item,2.5,0.75,section_panel
6HEP6,6 x 6 x 6 HEAVY POST ALUMINUM,Non-stock item,0.0,0.0,post
6HEP7,6 x 6 x 7 HEAVY POST ALUMINUM,Non-stock item,0.0,0.0,post
6HEP8,6 x 6 x 8 HEAVY POST ALUMINUM,Non-stock item,0.0,0.0,post
6HEP9,6 x 6 x 9 HEAVY POST ALUMINUM,Non-stock item,342.58,188.42,post
766038090-01,"8""""x90"""" Tapered Pergola Colum",Non-stock item,202.22,101.11,other
766058000-01,"8"""" Round Tapered Column Trim",Non-stock item,90.7,45.35,other
766068000-001,"8"""" round column beam mount as",Non-stock item,185.06,92.53,other
766078000-00,"8"""" Tapered pergola column mou",Non-stock item,119.04,59.52,other
7GAZ,7' GAZEBO KIT,Non-stock item,2580.0,1419.0,other
881C,8 x 8 CEDAR STOCKADE 3/4 #1,Non-stock item,359.68,223.0,section_panel
881S,8 x 8 SPRUCE STOCKADE 3/4 #1,Non-stock item,200.0,124.0,section_panel
8CCA,ACQ POST 4 x 4 x 8'  TREATED,Non-stock item,26.2,13.1,post
8CCAF,ACQ POST 4 x 4 x 8'  FLAT GOTH,Non-stock item,31.06,15.53,post
8CCAG,ACQ POST 4 x 4 x 8'  GOTHIC,Non-stock item,31.06,15.53,post
8CCAH,ACQ POST 4 x 4 x 8'  HEX TOP,Non-stock item,31.06,15.53,post
8CCAP,ACQ POST 4 x 4 x 8'  POINTED,Non-stock item,31.06,15.53,post
8OSH,8 in STRAP HINGE,Non-stock item,23.58,9.43,gate
8TH,8 in BLACK ORNAMENT TEE HINGE,Non-stock item,26.23,10.49,gate
8THS,8 in TEE HINGE SPRING LOADED,Non-stock item,18.0,7.2,gate
955061060-01,"6"""" straight round porch colum",Non-stock item,73.62,36.81,other
9CCA,ACQ POST 4 x 4 x 9'  TREATED,Non-stock item,35.78,17.89,post
9CCAF,ACQ POST 4 x 4 x 9'  FLAT GOTH,Non-stock item,49.28,24.64,post
9CCAG,ACQ POST 4 x 4 x 9'  GOTHIC TO,Non-stock item,49.28,24.64,post
9CCAH,ACQ POST 4 x 4 x 9'  HEX TOP,Non-stock item,49.28,24.64,post
9CCAP,ACQ POST 4 x 4 x 9'  POINTED,Non-stock item,49.28,24.64,post
ADA104,"ADA HANDRAILING 8'8"""" WHITE (J",Non-stock item,94.98,52.24,other
ADAELBOW90,ADA HANDRAILING ELBOW BRACKET,Non-stock item,47.33,26.03,other
ADB410,400 lb face mount adjustable d,Non-stock item,76.25,30.5,other
adj,,Non-stock item,0.0,0.0,other
ADT10,1/2 TON TROLLEY orange type CL,Non-stock item,155.13,85.32,other
AGC138,ALUM. 1-3/8 GATE CORNER,Non-stock item,7.96,3.58,gate
AK-11,LINEAR AK-11 2 CHANNEL DIGITAL,Non-stock item,377.2,245.18,other
ALBER4,4 ALBERTSON CUSTOM WOOD,Non-stock item,214.29,150.0,section_panel
ALBER5,5 ALBERTSON CUSTOM WOOD,Non-stock item,250.0,175.0,section_panel
ALBER6,6 ALBERTSON CUSTOM WOOD,Non-stock item,282.8,197.96,section_panel
ALT44,ALTON 4 x 4 SECTION,Non-stock item,162.11,89.16,section_panel
ALT46,ALTON 4 x 6 SECTION,Non-stock item,211.33,116.23,section_panel
ALT54,ALTON 5 x 4 SECTION,Non-stock item,168.65,92.76,section_panel
ALT56,ALTON 5 x 6 SECTION,Non-stock item,221.67,121.92,section_panel
ALT64,ALTON 6 x 4 SECTION,Non-stock item,175.2,96.36,section_panel
ALT66,ALTON 6 x 6 SECTION,Non-stock item,232.02,127.61,section_panel
ALTG43,ALTON GATE 4 x 3 OPEN,Non-stock item,327.96,163.98,gate
ALTG44,ALTON GATE 4 x 4 OPEN,Non-stock item,344.52,172.26,gate
ALTG45,ALTON GATE 4 x 5 OPEN,Non-stock item,365.64,182.82,gate
ALTG53,ALTON GATE 5 x 3 OPEN,Non-stock item,342.5,171.25,gate
ALTG54,ALTON GATE 5 x 4 OPEN,Non-stock item,365.92,182.96,gate
ALTG55,ALTON GATE 5 x 5 OPEN,Non-stock item,384.82,192.41,gate
ALTG63,ALTON GATE 6 x 3 OPEN,Non-stock item,359.68,179.84,gate
ALTG64,ALTON GATE 6 x 4 OPEN,Non-stock item,418.54,209.27,gate
ALTG65,ALTON GATE 6 x 5 OPEN,Non-stock item,404.6,202.3,gate
ALUH2356,ALUM SUPPORT 2 x 3-1/2 x 6' #9,Non-stock item,22.24,12.9,aluminum
ALUH2358,ALUM SUPPORT 2 x 3-1/2 x 8' #9,Non-stock item,29.66,17.2,aluminum
ALUI1555,ALUM SUPPORT I 1-1/2 x 5-1/2 x,Non-stock item,17.5,8.75,aluminum
ALUM10,10' ALUMINUM SLATS PER BOX,Non-stock item,355.8,177.9,aluminum
ALUM10S,10' ALUMINUM SLATS PER BOX SPE,Non-stock item,426.96,213.48,aluminum
ALUM12,12' ALUMINUM SLATS PER BOX,Non-stock item,483.72,241.86,aluminum
ALUM12S,12' ALUMINUM SLATS PER BOX SPE,Non-stock item,580.46,290.23,aluminum
ALUM4,4' ALUMINUM SLATS PER BOX,Non-stock item,152.24,76.12,aluminum
ALUM4S,4' ALUMINUM SLATS PER BOX SPEC,Non-stock item,182.69,91.34,aluminum
ALUM5,5' ALUMINUM SLATS PER BOX,Non-stock item,205.96,102.98,aluminum
ALUM5S,5' ALUMINUM SLATS PER BOX SPEC,Non-stock item,247.15,123.58,aluminum
ALUM6,6' ALUMINUM SLATS PER BOX,Non-stock item,235.34,117.67,aluminum
ALUM6S,6' ALUMINUM SLATS PER BOX SPEC,Non-stock item,282.41,141.2,aluminum
ALUM7,7' ALUMINUM SLATS PER BOX,Non-stock item,279.18,139.59,aluminum
ALUM7S,7' ALUMINUM SLATS PER BOX SPEC,Non-stock item,335.02,167.51,aluminum
ALUM8,8' ALUMINUM SLATS PER BOX,Non-stock item,317.86,158.93,aluminum
ALUM8S,8' ALUMINUM SLATS PER BOX SPEC,Non-stock item,381.43,190.72,aluminum
ALUU8,U-CHAN 1-3/4 x 8 ALUM. .063 #9,Non-stock item,20.0,10.0,aluminum
AMB44,ALUM POST MOUNT 4 x 4 x 2,Non-stock item,15.74,1.7,post
AMB55,ALUM POST MOUNT 5 x 5 x 2,Non-stock item,18.54,2.02,post
AMITY4,4 AMITYVILLE CUSTOM WOOD,Non-stock item,214.29,150.0,section_panel
AMITY5,5 AMITYVILLE CUSTOM WOOD,Non-stock item,250.0,175.0,section_panel
AMITY6,6 AMITYVILLE CUSTOM WOOD,Non-stock item,282.8,197.96,section_panel
AMITY8,8 AMITYVILLE CUSTOM WOOD,Non-stock item,321.43,225.0,section_panel
ANCHOR,,Non-stock item,0.0,0.0,concrete
AP-5,AP-5 receiver Dual gate door c,Non-stock item,137.08,89.1,gate
APC138,1-3/8 ALUM. POST CAP,Non-stock item,2.45,0.49,post
APC158,1-5/8 ALUM. POST CAP,Non-stock item,3.5,0.7,post
APC200,2 in.  ALUM. POST CAP,Non-stock item,3.6,0.72,post
APC250,2-12 in.  ALUM. POST CAP,Non-stock item,7.1,1.42,post
APC300,3 in. ALUM. POST CAP,Non-stock item,10.3,2.06,post
APC400,4 in. ALUM. POST CAP,Non-stock item,11.9,2.38,post
APS48,ALUM POST STIFFNER 4 x 4 x 8 #,Non-stock item,104.31,54.24,post
APS55,ALUM POST STIFFNER 5 x 5 PER F,Non-stock item,0.0,8.07,post
APS565,ALUM POST STIFFNER 5 x 5 x 6-1,Non-stock item,100.88,52.46,post
APS58,ALUM POST STIFFNER 5 x 5 x 8 #,Non-stock item,124.15,64.56,post
AR25PT,"Arabian Newel 2-1/2"""" post tri",Non-stock item,20.1,9.65,post
AR325PT,"Arabian Newel 3-1/4"""" post tri",Non-stock item,24.94,11.97,post
AR4PT,"Arabian Newel 4"""" post trim",Non-stock item,34.88,16.74,post
ARAHB,1 pack American Adjustable Hor,Non-stock item,114.31,54.87,other
ARASB,1 pack American Adjustable Sta,Non-stock item,114.31,54.87,other
ARB,1 pack American Straigt Bracke,Non-stock item,59.54,28.58,other
ARB36,36 x 6' American Straight Rail,Non-stock item,383.04,183.86,other
ARB38,36 x 8' American Straight Rail,Non-stock item,490.31,235.35,other
ARB426,42 x 6' American Straight Rail,Non-stock item,428.98,205.91,other
ARB428,42 x 8' American Straight Rail,Non-stock item,549.15,263.59,other
ARBS36,36 x 6' American Stair Rail -,Non-stock item,382.0,183.36,other
ARBS38,36 x 8' American Stair Rail -,Non-stock item,490.31,235.35,other
ARBS426,42 x 6' Arabian Stair Rail - B,Non-stock item,0.0,0.0,other
ARBS428,42 x 8' Arabian Stair Rail - B,Non-stock item,0.0,0.0,other
ARD36,36 x 6' Arabian Straight Rail,Non-stock item,0.0,0.0,other
ARD38,36 x 8' Arabian Straight Rail,Non-stock item,0.0,0.0,other
ARD426,42 x 6' Arabian Straight Rail,Non-stock item,0.0,0.0,other
ARD428,42 x 8' Arabian Straight Rail,Non-stock item,0.0,0.0,other
ARDS36,36 x 6' Arabian Stair Rail - D,Non-stock item,0.0,0.0,other
ARDS38,36 x 8' Arabian Stair Rail - D,Non-stock item,0.0,0.0,other
ARDS426,42 x 6' Arabian Stair Rail - D,Non-stock item,0.0,0.0,other
ARDS428,42 x 8' Arabian Stair Rail - D,Non-stock item,0.0,0.0,other
ARE138,1-3/8 ALUM. RAIL END,Non-stock item,3.1,0.62,aluminum
ARE158,1-5/8 ALUM. RAIL END,Non-stock item,5.65,1.13,aluminum
ARES1500,Bft ares 1500 slide gate opera,Non-stock item,1384.62,900.0,gate
ARG33,"Arabian Gate 3' x 36"""" exact",Non-stock item,0.0,0.0,gate
ARG34,"Arabian Gate 3' x 48"""" exact",Non-stock item,0.0,0.0,gate
ARG423,"Arabian Gate 42"""" x 36"""" exact",Non-stock item,0.0,0.0,gate
ARG424,"Arabian Gate 42"""" x 48"""" exact",Non-stock item,0.0,0.0,gate
ARL46,ARLINGTON 4 x 6 SECTION,Non-stock item,180.32,90.16,section_panel
ARL56,ARLINGTON 5 x 6 SECTION,Non-stock item,189.68,94.84,section_panel
ARL66,ARLINGTON 6 x 6 SECTION,Non-stock item,176.86,88.43,section_panel
ARLG43,ARLINGTON GATE 4 x 3 OPEN,Non-stock item,218.5,109.25,gate
ARLG44,ARLINGTON GATE 4 x 4 OPEN,Non-stock item,233.38,116.69,gate
ARLG45,ARLINGTON GATE 4 x 5 OPEN,Non-stock item,247.54,123.77,gate
ARLG53,ARLINGTON GATE 5 x 3 OPEN,Non-stock item,236.96,118.48,gate
ARLG54,ARLINGTON GATE 5 x 4 OPEN,Non-stock item,245.34,122.67,gate
ARLG55,ARLINGTON GATE 5 x 5 OPEN,Non-stock item,260.98,130.49,gate
ARLG63,ARLINGTON GATE 6 x 3 OPEN,Non-stock item,240.38,120.19,gate
ARLG64,ARLINGTON GATE 6 x 4 OPEN,Non-stock item,258.22,129.11,gate
ARLG65,ARLINGTON GATE 6 x 5 OPEN,Non-stock item,275.34,137.67,gate
ARP2538,"Arabian Newel 2-1/2""""x38"""" H W",Non-stock item,0.0,0.0,other
ARP2548,"American  Newel 2-1/2""""x48"""" H",Non-stock item,110.96,53.26,other
ARP2578,"Arabian Newel 2-1/2""""x78"""" H W",Non-stock item,0.0,0.0,other
ARP32538,"Arabian Newel 3-1/4""""x38"""" H W",Non-stock item,0.0,0.0,other
ARP32548,"Arabian Newel 3-1/4""""x48"""" H W",Non-stock item,0.0,0.0,other
ARP32578,"Arabian Newel 3-1/4""""x78"""" H W",Non-stock item,0.0,0.0,other
ARP438,"Arabian Newel 4""""x38"""" H W pos",Non-stock item,0.0,0.0,other
ARP44,"Arabian Newel 4""""x48"""" H W pos",Non-stock item,110.96,53.26,other
ARP478,"Arabian Newel 4""""x78"""" H W pos",Non-stock item,0.0,0.0,other
ARPC25BC,"Arabian Newel 2-1/2"""" ball top",Non-stock item,0.0,0.0,other
ARPC25FC,"Arabian Newel 2-1/2"""" flat pos",Non-stock item,10.08,4.84,other
ARPC25GBC,"Arabian Newel 2-1/2"""" gold bal",Non-stock item,0.0,0.0,other
ARPC25GFC,"Arabian Newel 2-1/2"""" gold fla",Non-stock item,0.0,0.0,other
ARPC325BC,"Arabian Newel 3-1/4"""" ball top",Non-stock item,0.0,0.0,other
ARPC325FC,"Arabian Newel 3-1/4"""" flat pos",Non-stock item,10.77,5.17,other
ARPC325GBC,"Arabian Newel 3-1/4"""" gold bal",Non-stock item,0.0,0.0,other
ARPC325GFC,"Arabian Newel 3-1/4"""" gold fla",Non-stock item,0.0,0.0,other
ARPC4BC,"Arabian Newel 4"""" ball top pos",Non-stock item,0.0,0.0,other
ARPC4FC,"Arabian Newel 4"""" flat post ca",Non-stock item,21.42,10.28,post
ARPC4GBC,"Arabian Newel 4"""" gold ball to",Non-stock item,0.0,0.0,other
ARPC4GFC,"Arabian Newel 4"""" gold flat po",Non-stock item,0.0,0.0,other
ARPWP2538,"Arabian Newel 2-1/2""""x38"""" H W",Non-stock item,136.02,65.29,other
ARPWP2548,"Arabian Newel 2-1/2""""x48"""" H W",Non-stock item,169.44,81.33,other
ARPWP32538,"Arabian Newel 3-1/4""""x38"""" H W",Non-stock item,164.35,78.89,other
ARPWP32548,"Arabian Newel 3-1/4""""x48"""" H W",Non-stock item,180.96,86.86,other
ARPWP438,"Arabian Newel 4""""x38"""" H W pos",Non-stock item,188.06,90.27,other
ARPWP44,"Arabian Newel 4""""x48"""" H W pos",Non-stock item,208.21,99.94,other
ARSB,1 pack American Stair Brackets,Non-stock item,57.17,27.44,other
ASB410,400 lb face mount adjustable s,Non-stock item,63.05,25.22,other
ASHBURY,Ashbury Arbor,Non-stock item,898.64,494.25,other
ATLAN3,ATLANTIC 3 x 6 SECTION,Non-stock item,124.86,62.43,section_panel
ATLAN4,ATLANTIC 4 x 6 SECTION,Non-stock item,123.09,67.7,section_panel
ATLAN42,ATLANTIC 42 x 6 SECTION,Non-stock item,123.04,67.67,section_panel
ATLANG33,ATLANTIC GATE 3 x 3 OPEN,Non-stock item,152.5,76.25,gate
ATLANG34,ATLANTIC GATE 3 x 4 OPEN,Non-stock item,166.4,83.2,gate
ATLANG35,ATLANTIC GATE 3 x 5 OPEN,Non-stock item,180.28,90.14,gate
ATLANG423,ATLANTIC GATE 42 x 3 OPEN,Non-stock item,157.82,78.91,gate
ATLANG424,ATLANTIC GATE 42 x 4 OPEN,Non-stock item,172.64,86.32,gate
ATLANG425,ATLANTIC GATE 42 x 5 OPEN,Non-stock item,187.44,93.72,gate
ATLANG43,ATLANTIC GATE 4 x 3 OPEN,Non-stock item,163.16,81.58,gate
ATLANG44,ATLANTIC GATE 4 x 4 OPEN,Non-stock item,178.9,89.45,gate
ATLANG45,ATLANTIC GATE 4 x 5 OPEN,Non-stock item,194.62,97.31,gate
AVA46C,4 x 6 Avalon comm Alum 3/4 x 3,Non-stock item,231.48,125.0,aluminum
AVA48C,4 x 8 Avalon Comm Alum 3/4 x 3,Non-stock item,231.48,125.0,aluminum
AVA4A,4 x 8 Avalon areo alum 1 x 5/8,Non-stock item,0.0,0.0,aluminum
AVA4R,4 x 6 Avalon resi. Alum 5/8 4i,Non-stock item,159.26,86.0,aluminum
AVA56C,5 x 6 Avalon Comm Alum 3/4 x 3,Non-stock item,203.7,110.0,aluminum
AVA58C,5 x 8 Avalon Comm Alum 3/4 x 3,Non-stock item,277.78,150.0,aluminum
AVA5A,5 x 8 Avalon areo alum 1 x 5/8,Non-stock item,0.0,0.0,aluminum
AVA5R,5 x 6 Avalon resi. Alum 5/8 4i,Non-stock item,215.33,116.28,aluminum
AVA66C,6 x 6 Avalon Comm Alum 3/4 x 3,Non-stock item,162.96,88.0,aluminum
AVA68C,6 x 8 Avalon Comm Alum 3/4 x 3,Non-stock item,216.67,117.0,aluminum
AVA6A,6 x 8 Avalon areo alum 1 x 5/8,Non-stock item,0.0,0.0,aluminum
AVA6R,6 x 6 Avalon resi. Alum 5/8 4i,Non-stock item,243.7,131.6,aluminum
AWTS200,Adjustable Wood To Steel Adapt,Non-stock item,7.1,2.84,wood
AWTS250,Adjustable Wood To Steel Adapt,Non-stock item,7.45,2.98,wood
AWTS300,Adj.Wood To Steel Adapt.3 in,Non-stock item,8.73,3.49,wood
BA15158,1-5/8 x 1-5/8 BARB ARMS,Non-stock item,11.25,4.5,other
BA2158,2 x 1-5/8 BARB ARMS,Non-stock item,13.43,5.37,other
BA25158,2-1/2 x 1-5/8 BARB ARMS,Non-stock item,13.13,5.25,other
BA3158,3 X1-5/8 BARBARM,Non-stock item,19.5,7.8,other
BAB,BARB ARM BLADE ONLY,Non-stock item,7.52,3.76,other
BABFT4,BABY LOC FENCE FT,Non-stock item,0.0,9.67,other
BABFT5,BABY LOC FT 5 HIGH,Non-stock item,21.66,10.83,other
BABSLEEVE,BABY LOC SLEEVE W/DECK CAP,Non-stock item,9.85,3.94,other
BABY410,BABY LOC 10' SECTION 4-1/2 HIG,Non-stock item,161.17,96.7,section_panel
BABY420,BABY LOC 20' SECTION 4-1/2 HIG,Non-stock item,322.33,193.4,section_panel
BABY510,BABY LOC 20' SECTION 5 HIGH,Non-stock item,361.0,216.6,section_panel
BABY520,BABY LOC 10' SECTION 5 HIGH,Non-stock item,180.5,108.3,section_panel
BABYG4,BABY LOC GATE 4-1/2' HIGH,Non-stock item,595.24,416.67,gate
BABYG5,BABY LOC GATE 5' HIGH,Non-stock item,642.86,450.0,gate
BAD CHECK,,Non-stock item,0.0,0.0,other
bad debt,,Non-stock item,0.0,0.0,other
Balcony,Balcony,Charge item,0.0,,labor_charge
BALD4,4 BALDWIN CUSTOM WOOD,Non-stock item,214.29,150.0,section_panel
BALD5,5 BALDWIN CUSTOM WOOD,Non-stock item,250.0,175.0,section_panel
BALD6,6 BALDWIN CUSTOM WOOD,Non-stock item,282.8,197.96,section_panel
BALD8,8 BALDWIN CUSTOM WOOD,Non-stock item,321.43,225.0,section_panel
bank charge,,Non-stock item,0.0,0.0,labor_charge
BAR4R,4 x 6 Barcelona resi. Alum 5/8,Non-stock item,159.26,86.0,aluminum
BAR5R,5 x 6 Barcelona resi. Alum 5/8,Non-stock item,215.33,116.28,aluminum
BAR6R,6 x 6 Barcelona resi. Alum 5/8,Non-stock item,243.7,131.6,aluminum
BARREL7,7 IN BARREL HINGE - per pair,Non-stock item,65.76,32.88,gate
BAY3,3 BAYPORT CUSTOM WOOD,Non-stock item,110.26,77.18,section_panel
BAY35,42 in BAYPORT CUSTOM WOOD,Non-stock item,120.0,84.0,section_panel
BAY4,4 BAYPORT CUSTOM WOOD,Non-stock item,124.6,87.22,section_panel
BB158,1-5/8 in. BRACE BAND BEVELED w,Non-stock item,4.67,0.7,chain_link
BB200,2 in. BRACE BAND BEVELED with,Non-stock item,6.67,1.0,chain_link
BB2158,2 x 1-5/8 BARB BASE SEMI STEEL,Non-stock item,5.76,2.59,other
BB250,2-1/2 in. BRACE BAND BEVELED w,Non-stock item,7.33,1.1,chain_link
BB25158,2-1/2 x 1-5/8 BARB BASE SEMI S,Non-stock item,5.76,2.59,other
BB300,3 in. BRACE BAND BEVELED with,Non-stock item,7.47,1.12,chain_link
BB3158,3 x 1-5/8 BARB BASE SEMI STEEL,Non-stock item,8.04,3.62,other
BB350,3-1/2 in. Brace Band Beveled w,Non-stock item,21.33,3.2,chain_link
BB400,4 in. BRACE BAND BEVELED with,Non-stock item,10.8,1.62,chain_link
BB400SQ,4 in. BRACE BAND BEVELED squar,Non-stock item,30.6,4.59,chain_link
BB658,6-5/8 in. BRACE BAND BEVELED w,Non-stock item,18.0,2.7,chain_link
BB858,8-5/8 in. BRACE BAND BEVELED w,Non-stock item,15.33,2.3,chain_link
BCUTC,CONCRETE ABRASIVE CUTTING WHEE,Non-stock item,10.56,5.28,concrete
BCUTM,METAL ABRASIVE CUTTING WHEEL 1,Non-stock item,10.56,5.28,other
BDECK,1-1/2 22 GA GALV B DECK X3' X,Non-stock item,164.0,98.4,chain_link
BEL4,4' BELLMORE WITH TOPPER,Non-stock item,255.0,178.5,other
BEL5,5' BELLMORE WITH TOPPER,Non-stock item,273.0,191.1,other
BEL6,6' BELLMORE WITH TOPPER,Non-stock item,402.7,281.89,other
BELP4,4' BELLMORE PLAIN NO TOP,Non-stock item,204.67,143.27,other
BELP5,5' BELLMORE PLAIN NO TOP,Non-stock item,221.96,155.37,other
BELP6,6' BELLMORE PLAIN NO TOP,Non-stock item,263.47,184.43,other
BFTANT,Bft radio antenna with 14' lea,Non-stock item,50.0,35.0,other
BFTBBU,BFT 2 BATTERY BACK UP OPTION P,Non-stock item,161.58,105.03,other
BFTCLONIX,BFT CLONIX EXTERNAL RECEIVER,Non-stock item,136.26,88.57,other
BFTPLASTIC,BFT CP PLASTIC TRACK,Non-stock item,45.38,29.5,post
BFTSTEELTR,BFT CVZ 3' TRACK STEEL,Non-stock item,45.38,29.5,other
BFTTBOX,BFT WIRELESS KEY PAD,Non-stock item,200.0,130.0,chain_link
BFTTRANS,BFT MITTO  ROLLING CODR TRANSM,Non-stock item,37.31,25.0,other
BFTTRANS2,MITTO B RCB02 2CH TRANSMITTER,Non-stock item,37.31,25.0,other
BH400,4 in BEAM HANGER FOR OVERHEAD,Non-stock item,72.4,39.82,other
BH658,6-5/8 in BEAM HANGER FOR OVERH,Non-stock item,137.91,75.85,other
BIT,BIT FOR TEC SCREWS,Non-stock item,5.0,1.5,other
BOB4,4 BOARD ON BOARD SINGLE PAT.,Non-stock item,280.63,196.44,other
BOB42,4 BOARD ON BOARD DOUBLE PAT.,Non-stock item,280.63,196.44,other
BOB5,5 BOARD ON BOARD SINGLE PAT.,Non-stock item,351.43,246.0,other
BOB52,5 BOARD ON BOARD DOUBLE PAT.,Non-stock item,351.43,246.0,other
BOB6,6 BOARD ON BOARD SINGLE PAT.,Non-stock item,329.34,230.54,other
BOB62,6 BOARD ON BOARD DOUBLE PAT.,Non-stock item,288.57,202.0,other
bounced check,,Description only,0.0,,other
BRAD,Bradford mailbox post only,Non-stock item,105.2,57.86,post
BRE158,1-5/8 SEMI ST. RAIL END,Non-stock item,1.33,0.6,other
BRE200,2 in. SEMI ST.  RAIL END,Non-stock item,3.47,1.56,other
BREEZ4,4' x 8' Certainteed - Breezewo,Non-stock item,430.25,236.64,section_panel
BREEZ5,5' x 8' Certainteed - Breezewo,Non-stock item,516.33,283.98,section_panel
BREEZ6,6' x 8' Certainteed - Breezewo,Non-stock item,606.78,333.73,section_panel
BREEZG44,"4' x 50"""" Certainteed - Breeze",Non-stock item,791.76,435.47,section_panel
BREEZG54,"5' x 50"""" Certainteed - Breeze",Non-stock item,974.71,536.09,section_panel
BREEZG64,"6' x 50"""" Certainteed - Breeze",Non-stock item,1064.76,585.62,section_panel
BREEZGK4,"4' x up to 50"""" Breezewood Wal",Non-stock item,333.67,183.52,wood
BREEZGK5,"5' x up to 50"""" Breezewood Wal",Non-stock item,412.64,226.95,wood
BREEZGK6,"6' x up to 50"""" Breezewood Wal",Non-stock item,433.15,238.23,wood
BRI44,BRIGHTON 4 x 4 SECTION,Non-stock item,120.05,66.03,section_panel
BRI46,BRIGHTON 4 x 6 SECTION,Non-stock item,162.8,89.54,section_panel
BRI54,BRIGHTON 5 x 4 SECTION,Non-stock item,127.36,70.05,section_panel
BRI56,BRIGHTON 5 x 6 SECTION,Non-stock item,174.15,95.78,section_panel
BRI64,BRIGHTON 6 x 4 SECTION,Non-stock item,134.75,74.11,section_panel
BRI66,BRIGHTON 6 x 6 SECTION,Non-stock item,185.51,102.03,section_panel
BRIG43,BRIGHTON GATE 4 x 3 OPEN,Non-stock item,227.56,113.78,gate
BRIG44,BRIGHTON GATE 4 x 4 OPEN,Non-stock item,243.5,121.75,gate
BRIG45,BRIGHTON GATE 4 x 5 OPEN,Non-stock item,262.22,131.11,gate
BRIG53,BRIGHTON GATE 5 x 3 OPEN,Non-stock item,240.44,120.22,gate
BRIG54,BRIGHTON GATE 5 x 4 OPEN,Non-stock item,258.56,129.28,gate
BRIG55,BRIGHTON GATE 5 x 5 OPEN,Non-stock item,278.34,139.17,gate
BRIG63,BRIGHTON GATE 6 x 3 OPEN,Non-stock item,254.2,127.1,gate
BRIG64,BRIGHTON GATE 6 x 4 OPEN,Non-stock item,274.5,137.25,gate
BRIG65,BRIGHTON GATE 6 x 5 OPEN,Non-stock item,257.46,128.73,gate
BROOK,Brookfield arbor,Non-stock item,544.09,299.25,other
BRT3,3 in round photo beam reflecto,Non-stock item,10.38,6.75,other
BS10,10 in BLACK WOOD GATE SPRING,Non-stock item,16.45,6.58,gate
BT,4 in. BALL TOP ONLY,Non-stock item,5.7,2.85,other
BT158,1-5/8 in TENSION BAND BEVELED,Non-stock item,6.33,0.95,chain_link
BT200,2 in TENSION BAND BEVELED with,Non-stock item,6.67,1.0,chain_link
BT250,2-1/2 in TENSION BAND BEVELEDw,Non-stock item,7.47,1.12,chain_link
BT300,3 in TENSION BAND BEVELED with,Non-stock item,7.33,1.1,chain_link
BT350,3-1/2 in TENSION BAND BEVELED,Non-stock item,7.65,2.83,chain_link
BT400,4 in TENSION BAND BEVELED with,Non-stock item,10.8,1.62,chain_link
BT400SQ,4 in TENSION BAND BEVELED SQUA,Non-stock item,15.76,5.83,chain_link
BT658,6-5/8 in TENSION BAND BEVELED,Non-stock item,18.07,2.71,chain_link
BT858,8-5/8 in TENSION BAND BEVELED,Non-stock item,24.87,3.73,chain_link
BTA,4 in. BALL TOP ONLY almond col,Non-stock item,5.9,2.95,other
BUFFTECH,,Non-stock item,0.0,0.0,vinyl_pvc
BUT66,6X6 WELDABLE BUTT HINGES PER P,Non-stock item,42.25,23.24,gate
BUTT44,4X4 WELDABLE BUTT HINGES PER P,Non-stock item,19.65,10.81,gate
BW,BARBED WIRE GALV 1350'  - III,Non-stock item,258.0,129.0,chain_link
C138,P.S. GATE COLLAR 1-3/8 W/BOLT,Non-stock item,12.5,2.5,gate
C158,P.S.GATE COLLAR 1-5/8 W/BOLT,Non-stock item,10.3,2.06,gate
C200,P.S.GATE COLLAR 2 in. W/BOLT,Non-stock item,10.35,2.07,gate
C5BP7,"5"""" x 5"""" x 7' Blank Post - Ce",Non-stock item,81.76,44.97,post
C5BP8,"5"""" x 5"""" x 8' Blank Post - Ce",Non-stock item,88.38,48.61,post
C5BP9,"5"""" x 5"""" x 9' Blank Post - Ce",Non-stock item,99.15,54.53,post
C5CP7,"5"""" x 5"""" x 7' Corner Post - C",Non-stock item,81.76,44.97,post
C5CP8,"5"""" x 5"""" x 8' Corner Post - C",Non-stock item,88.38,48.61,post
C5CP9,"5"""" x 5"""" x 9' Corner Post - C",Non-stock item,99.15,54.53,post
C5EP7,"5"""" x 5"""" x 7' End Post - Cert",Non-stock item,81.76,44.97,post
C5EP8,"5"""" x 5"""" x 8' End Post - Cert",Non-stock item,88.38,48.61,post
C5EP9,"5"""" x 5"""" x 9' End Post - Cert",Non-stock item,99.15,54.53,post
C5LP7,"5"""" x 5"""" x 7' Line Post - Cer",Non-stock item,81.76,44.97,post
C5LP8,"5"""" x 5"""" x 8' Line Post - Cer",Non-stock item,88.38,48.61,post
C5LP9,"5"""" x 5"""" x 9' Line Post - Cer",Non-stock item,99.15,54.53,post
CA12275,1/2 x2-3/4 CONCRETE ANCHOR,Non-stock item,2.6,0.91,concrete
CA123,1/2 x3 CONCRETE ANCHOR,Non-stock item,2.34,0.82,concrete
CA12375,1/2 x3-3/4 CONCRETE ANCHOR,Non-stock item,3.71,1.3,concrete
CA18G,galv cable 3/16x7x19 250ft per,Non-stock item,110.54,71.85,chain_link
CA382,3/8 x 2 CONCRETE ANCHOR,Non-stock item,2.29,0.8,concrete
CA38225,3/8 x 2-3/4 CONCRETE ANCHOR,Non-stock item,2.11,0.74,concrete
CA383,3/8 x 3 CONCRETE ANCHOR,Non-stock item,2.34,0.82,concrete
CA38375,3/8 x 3-3/4 CONCRETE ANCHOR,Non-stock item,2.43,0.85,concrete
CA582,5/8X2-1/4 CONCRETE ANCHOR,Non-stock item,3.46,1.21,concrete
CA754,3/4X4 CONCRETE ANCHOR,Non-stock item,0.0,0.0,concrete
CA75475,3/4X4-3/4 CONCRETE ANCHOR,Non-stock item,3.77,1.32,concrete
CA755,3/4X5-1/2 CONCRETE ANCHOR,Non-stock item,0.0,0.0,concrete
CA756,3/4X6 CONCRETE ANCHOR,Non-stock item,4.0,1.4,concrete
CAPE3,CAPE COD 3 x 6 SECTION,Non-stock item,115.85,63.72,section_panel
CAPE4,CAPE COD 4 x 6 SECTION,Non-stock item,124.31,68.37,section_panel
CAPE42,CAPE COD 42 x 6 SECTION,Non-stock item,124.25,68.34,section_panel
CAPEG33,CAPE COD 3 x 3 OPEN,Non-stock item,152.56,76.28,other
CAPEG34,CAPE COD 3 x 4 OPEN,Non-stock item,170.28,85.14,other
CAPEG35,CAPE COD 3 x 5 OPEN,Non-stock item,181.54,90.77,other
CAPEG423,CAPE COD 42 x 3 OPEN,Non-stock item,159.76,79.88,other
CAPEG424,CAPE COD 42 x 4 OPEN,Non-stock item,178.4,89.2,other
CAPEG425,CAPE COD 42 x 5 OPEN,Non-stock item,190.6,95.3,other
CAPEG43,CAPE COD 4 x 3 OPEN,Non-stock item,162.32,81.16,other
CAPEG44,CAPE COD 4 x 4 OPEN,Non-stock item,181.9,90.95,other
CAPEG45,CAPE COD 4 x 5 OPEN,Non-stock item,193.16,96.58,other
Capital Imp,New installation NYC,Non-stock item,0.0,0.0,other
CAPRIARCH,CAPRICE ARCH,Non-stock item,658.18,362.0,other
CAPRIFLAT,CAPRICE FLAT,Non-stock item,469.09,258.0,other
caps57,Certainteed Aluminum Post Stif,Non-stock item,0.0,0.0,post
CAPS58,Certainteed Aluminum Post Stif,Non-stock item,112.45,61.85,post
CAPS59,Certainteed Aluminum Post Stif,Non-stock item,136.62,75.14,post
CAR48,Carribean 4 x 8 Section,Non-stock item,198.04,86.92,section_panel
CAR58,Carribean 5 x 8 Section,Non-stock item,221.2,99.66,section_panel
CAR68,Carribean 6 x 8 Section,Non-stock item,244.36,112.4,section_panel
CARG43,CARIBBEAN GATE 4 x 3 OPEN,Non-stock item,262.98,76.6,gate
CARG44,CARIBBEAN GATE 4 x 4 OPEN,Non-stock item,273.91,81.74,gate
CARG45,CARIBBEAN GATE 4 x 5 OPEN,Non-stock item,291.11,89.82,gate
CARG53,CARIBBEAN GATE 5 x 3 OPEN,Non-stock item,283.83,86.4,gate
CARG54,CARIBBEAN GATE 5 x 4 OPEN,Non-stock item,296.85,92.52,gate
CARG55,CARIBBEAN GATE 5 x 5 OPEN,Non-stock item,320.3,103.54,gate
CARG63,CARIBBEAN GATE 6 x 3 OPEN,Non-stock item,304.68,96.2,gate
CARG64,CARIBBEAN GATE 6 x 4 OPEN,Non-stock item,319.79,103.3,gate
CARG65,CARIBBEAN GATE 6 x 5 OPEN,Non-stock item,347.4,116.28,gate
CASTER4,4X2 RIDGED CASTER WHEEL STAION,Non-stock item,65.62,36.09,other
CASTER5,5X2 RIDGED CASTER WHEEL STATIO,Non-stock item,76.36,42.0,other
CB32,3/8 x 2 in CARRIAGE BOLT,Non-stock item,4.17,0.25,other
CB325,3/8 x 2-1/2 in CARRIAGE BOLT,Non-stock item,7.5,0.45,other
CB33,3/8 x 3 in CARRIAGE BOLT,Non-stock item,8.33,0.5,other
CB335,3/8 x 3-1/2 in CARRIAGE BOLT,Non-stock item,7.5,0.45,other
CB5125,5/16 x 1-1/4 in CARRIAGE BOLT,Non-stock item,3.33,0.2,other
CB515,5/16 x 1-1/2 in CARRIAGE BOLT,Non-stock item,3.5,0.21,other
CB52,5/16 x 2 in CARRIAGE BOLT,Non-stock item,3.83,0.23,other
CB525,5/16 x 2-1/2 in CARRIAGE BOLT,Non-stock item,4.5,0.27,other
CBA250,2-1/2 CORNER BARB ARM,Non-stock item,16.34,8.17,other
CBA300,3 CORNER BARB ARM,Non-stock item,17.42,8.71,other
CBA400,4 in. CORNER BARB ARM,Non-stock item,23.52,11.76,other
CBCOMM,"36"""" in Cane Bolt s.s. nw38305",Non-stock item,56.55,37.32,gate
CBCOMM4,48 in Cane Bolt ss,Non-stock item,68.06,44.92,gate
CBCOMMG,"36"""" Pvc Cane Bolt Galvanized",Non-stock item,33.68,12.8,gate
cc fee,,Non-stock item,0.0,0.0,other
CC2138,2 x 1-3/8 Corner Clamps With B,Non-stock item,5.3,2.65,other
CC2158,2 x 1-5/8 Corner Clamps With B,Non-stock item,5.46,2.73,other
CC25138,2-1/2 x 1-3/8 Corner Clamps Wi,Non-stock item,5.38,2.69,other
CC25158,2-1/2 x 1-5/8 Corner Clamps Wi,Non-stock item,5.1,2.55,other
CC3158,3 x 1-5/8 Corner Clamps With B,Non-stock item,5.52,2.76,other
CC35158H,Heavy Corner clamp 3-1/2x1-5/8,Non-stock item,57.31,31.52,other
CC4158,4 x 1-5/8 Corner Clamps With B,Non-stock item,0.0,0.9,other
CCBC,Certainteed Drop Bar,Non-stock item,125.82,69.2,section_panel
CCG1010,Comm cantilever gate 10 x 10 o,Non-stock item,0.0,0.0,gate
CCG1012,Comm cantilever gate 10 x 12 o,Non-stock item,0.0,0.0,gate
CCG1014,Comm cantilever gate 10 x 14 o,Non-stock item,0.0,0.0,gate
CCG1016,Comm cantilever gate 10 x 16 o,Non-stock item,0.0,0.0,gate
CCG1018,Comm cantilever gate 10 x 18 o,Non-stock item,0.0,0.0,gate
CCG1020,Comm cantilever gate 10 x 20 o,Non-stock item,0.0,0.0,gate
CCG1022,Comm cantilever gate 10 x 22 o,Non-stock item,0.0,0.0,gate
CCG1024,Comm cantilever gate 10 x 24 o,Non-stock item,0.0,0.0,gate
CCG1026,Comm cantilever gate 10 x 26 o,Non-stock item,0.0,0.0,gate
CCG1028,Comm cantilever gate 10 x 28 o,Non-stock item,0.0,0.0,gate
CCG1030,Comm cantilever gate 10 x 30 o,Non-stock item,0.0,0.0,gate
CCG1210,Comm cantilever gate 12 x 10 o,Non-stock item,0.0,0.0,gate
CCG1212,Comm cantilever gate 12 x 12 o,Non-stock item,0.0,0.0,gate
CCG1214,Comm cantilever gate 12 x 14 o,Non-stock item,0.0,0.0,gate
CCG1216,Comm cantilever gate 12 x 16 o,Non-stock item,0.0,0.0,gate
CCG1218,Comm cantilever gate 12 x 18 o,Non-stock item,0.0,0.0,gate
CCG1220,Comm cantilever gate 12 x 20 o,Non-stock item,0.0,0.0,gate
CCG1222,Comm cantilever gate 12 x 22 o,Non-stock item,0.0,0.0,gate
CCG1224,Comm cantilever gate 12 x 24 o,Non-stock item,0.0,0.0,gate
CCG1226,Comm cantilever gate 12 x 26 o,Non-stock item,0.0,0.0,gate
CCG1228,Comm cantilever gate 12 x 28 o,Non-stock item,0.0,0.0,gate
CCG1230,Comm cantilever gate 12 x 30 o,Non-stock item,0.0,0.0,gate
CCG410,Comm cantilever gate 4 x 10 op,Non-stock item,0.0,0.0,gate
CCG412,Comm cantilever gate 4 x 12 op,Non-stock item,0.0,0.0,gate
CCG414,Comm cantilever gate 4 x 14 op,Non-stock item,0.0,0.0,gate
CCG416,Comm cantilever gate 4 x 16 op,Non-stock item,0.0,0.0,gate
CCG418,Comm cantilever gate 4 x 18 op,Non-stock item,0.0,0.0,gate
CCG420,Comm cantilever gate 4 x 20 op,Non-stock item,0.0,0.0,gate
CCG422,Comm cantilever gate 4 x 22 op,Non-stock item,0.0,0.0,gate
CCG424,Comm cantilever gate 4 x 24 op,Non-stock item,0.0,0.0,gate
CCG426,Comm cantilever gate 4 x 26 op,Non-stock item,0.0,0.0,gate
CCG428,Comm cantilever gate 4 x 28 op,Non-stock item,0.0,0.0,gate
CCG430,Comm cantilever gate 4 x 30 op,Non-stock item,0.0,0.0,gate
CCG510,Comm cantilever gate 5 x 10 op,Non-stock item,0.0,0.0,gate
CCG512,Comm cantilever gate 5 x 12 op,Non-stock item,0.0,0.0,gate
CCG514,Comm cantilever gate 5 x 14 op,Non-stock item,0.0,0.0,gate
CCG516,Comm cantilever gate 5 x 16 op,Non-stock item,0.0,0.0,gate
CCG518,Comm cantilever gate 5 x 18 op,Non-stock item,0.0,0.0,gate
CCG520,Comm cantilever gate 5 x 20 op,Non-stock item,0.0,0.0,gate
CCG522,Comm cantilever gate 5 x 22 op,Non-stock item,0.0,0.0,gate
CCG524,Comm cantilever gate 5 x 24 op,Non-stock item,0.0,0.0,gate
CCG526,Comm cantilever gate 5 x 26 op,Non-stock item,0.0,0.0,gate
CCG528,Comm cantilever gate 5 x 28 op,Non-stock item,0.0,0.0,gate
CCG530,Comm cantilever gate 5 x 30 op,Non-stock item,0.0,0.0,gate
CCG610,Comm cantilever gate 6 x 10 op,Non-stock item,0.0,0.0,gate
CCG612,Comm cantilever gate 6 x 12 op,Non-stock item,0.0,0.0,gate
CCG614,Comm cantilever gate 6 x 14 op,Non-stock item,0.0,0.0,gate
CCG616,Comm cantilever gate 6 x 16 op,Non-stock item,0.0,0.0,gate
CCG618,Comm cantilever gate 6 x 18 op,Non-stock item,0.0,0.0,gate
CCG620,Comm cantilever gate 6 x 20 op,Non-stock item,0.0,0.0,gate
CCG622,Comm cantilever gate 6 x 22 op,Non-stock item,0.0,0.0,gate
CCG624,Comm cantilever gate 6 x 24 op,Non-stock item,0.0,0.0,gate
CCG626,Comm cantilever gate 6 x 26 op,Non-stock item,0.0,0.0,gate
CCG628,Comm cantilever gate 6 x 28 op,Non-stock item,0.0,0.0,gate
CCG630,Comm cantilever gate 6 x 30 op,Non-stock item,0.0,0.0,gate
CCG810,Comm cantilever gate 8 x 10 op,Non-stock item,0.0,0.0,gate
CCG812,Comm cantilever gate 8 x 12 op,Non-stock item,0.0,0.0,gate
CCG814,Comm cantilever gate 8 x 14 op,Non-stock item,0.0,0.0,gate
CCG816,Comm cantilever gate 8 x 16 op,Non-stock item,0.0,0.0,gate
CCG818,Comm cantilever gate 8 x 18 op,Non-stock item,0.0,0.0,gate
CCG820,Comm cantilever gate 8 x 20 op,Non-stock item,0.0,0.0,gate
CCG822,Comm cantilever gate 8 x 22 op,Non-stock item,0.0,0.0,gate
CCG824,Comm cantilever gate 8 x 24 op,Non-stock item,0.0,0.0,gate
CCG826,Comm cantilever gate 8 x 26 op,Non-stock item,0.0,0.0,gate
CCG828,Comm cantilever gate 8 x 28 op,Non-stock item,0.0,0.0,gate
CCG830,Comm cantilever gate 8 x 30 op,Non-stock item,0.0,0.0,gate
CCSS,SELF CLOSING SPRING S.S.,Non-stock item,43.86,28.95,other
CD200,"14"""" X2"""" COREDRILL BIT",Non-stock item,261.54,170.0,concrete
CD250,"14"""" X2-1/2"""" COREDRILL BIT",Non-stock item,307.69,200.0,concrete
CD300,"14"""" X3"""" COREDRILL BIT",Non-stock item,323.08,210.0,concrete
CD350,"14"""" X3-1/2"""""""" COREDRILL BIT",Non-stock item,346.15,225.0,concrete
CD400,"14"""" X4"""" COREDRILL BIT",Non-stock item,384.62,250.0,concrete
CDR,1 3/8 x 48 commercial drop rod,Non-stock item,71.42,28.21,gate
CED4,4 CEDARHURST CUSTOM WOOD,Non-stock item,214.29,150.0,section_panel
CED5,5 CEDARHURST CUSTOM WOOD,Non-stock item,250.0,175.0,section_panel
CED6,6 CEDARHURST CUSTOM WOOD,Non-stock item,282.8,197.96,section_panel
CED8,8 CEDARHURST CUSTOM WOOD,Non-stock item,321.43,225.0,section_panel
CEFCAP,CEF RAIL CAP PER FT,Non-stock item,0.78,0.43,other
CEFCAP16,CEF RAIL CAP 16 ft,Non-stock item,12.51,6.88,other
CEFCAP3,CEF RAIL CAP 3 ft,Non-stock item,2.35,1.29,other
CEFCAP4,CEF RAIL CAP 4 ft,Non-stock item,3.13,1.72,other
CEFCAP6,CEF RAIL CAP 6 ft,Non-stock item,4.69,2.58,other
CEFCAP8,CEF RAIL CAP 8 ft,Non-stock item,6.25,3.44,other
CENT4,4 CENTEREACH WITH DIAMOND,Non-stock item,0.0,0.0,other
CENT5,5 CENTEREACH WITH DIAMOND,Non-stock item,0.0,0.0,other
CENT6,6 CENTEREACH WITH DIAMOND,Non-stock item,0.0,0.0,other
CG436,CUSTOM WOOD GATE 4 x 36,Non-stock item,302.72,151.36,gate
CG442,CUSTOM WOOD GATE 4 x 42,Non-stock item,316.0,158.0,gate
CG448,CUSTOM WOOD GATE 4 x 48,Non-stock item,302.72,151.36,gate
CG460,CUSTOM WOOD GATE 4 x 60,Non-stock item,351.54,175.77,gate
CG472,CUSTOM WOOD GATE 4 x 72,Non-stock item,0.0,0.0,gate
CG536,CUSTOM WOOD GATE 5 x 36,Non-stock item,302.72,151.36,gate
CG542,CUSTOM WOOD GATE 5 x 42,Non-stock item,555.62,277.81,gate
CG548,CUSTOM WOOD GATE 5 x 48,Non-stock item,650.0,325.0,gate
CG560,CUSTOM WOOD GATE 5 x 60,Non-stock item,700.0,350.0,gate
CG572,CUSTOM WOOD GATE 5 x 72,Non-stock item,0.0,0.0,gate
CG636,CUSTOM WOOD GATE 6 x 36,Non-stock item,365.7,182.85,gate
CG642,CUSTOM WOOD GATE 6 x 42,Non-stock item,390.0,195.0,gate
CG648,CUSTOM WOOD GATE 6 x 48,Non-stock item,406.5,203.25,gate
CG660,CUSTOM WOOD GATE 6 x 60,Non-stock item,520.0,260.0,gate
CG672,CUSTOM WOOD GATE 6 x 72,Non-stock item,0.0,0.0,gate
CGL200,2in Round MALL ROLL EASY GATE,Non-stock item,21.72,12.6,gate
CGSFT,field center stop,Non-stock item,15.2,8.36,other
CGSMT,MUSHROOM CENTER STOP,Non-stock item,28.56,15.71,other
CH100N,Corner stone nylon self closin,Non-stock item,35.0,23.1,other
CHAIN40,#40 X 20 FT BOX GATE OPERATOR,Non-stock item,145.45,80.0,gate
CHARGE,,Non-stock item,0.0,0.0,labor_charge
CHEST4,4' X 8' Certainteed - Chesterf,Non-stock item,389.73,214.35,section_panel
CHEST5,5' x 8' Certainteed - Chesterf,Non-stock item,464.96,255.73,section_panel
CHEST6,6' x 8' Certainteed - Chesterf,Non-stock item,548.31,301.57,section_panel
Chestg44,"4' x 50-1/2"""" Certainteed -Che",Non-stock item,657.25,361.49,section_panel
CHESTg53,"5' x 36-1/2"""" Certainteed - Ch",Non-stock item,598.11,328.96,section_panel
CHESTG54,"5' x 50-1/2"""" Certainteed - Ch",Non-stock item,747.6,411.18,section_panel
CHESTG55,"5' x 64-1/2"""" Certainteed - Ch",Non-stock item,934.51,513.98,section_panel
CHESTG63,"6' x 36-1/2"""" Certainteed - Ch",Non-stock item,663.69,365.03,section_panel
CHESTG64,"6' x 50-1/2"""" Certainteed - Ch",Non-stock item,829.62,456.29,section_panel
CHESTG65,"6' x 64-1/2"""" Certainteed - Ch",Non-stock item,1037.04,570.37,section_panel
CHESTgk4,"4' x up to 50-1/2"""" Certaintee",Non-stock item,318.64,175.25,other
CHESTGK5,"5' x up to 50-1/2"""" Certaintee",Non-stock item,356.36,196.0,other
CHESTGK6,"6' x up to 50-1/2"""" Certaintee",Non-stock item,375.58,206.57,other
CHESTL6,6' x 8' Certainteed - Chesterf,Non-stock item,0.0,0.0,section_panel
CHESTLG63,"6' x 36-1/2"""" Chesterfield wit",Non-stock item,0.0,0.0,section_panel
CHESTLG64,"6' x 50-1/2"""" Chesterfield wit",Non-stock item,0.0,0.0,section_panel
CHESTLG65,"6' x 64-1/2"""" Chesterfield wit",Non-stock item,0.0,0.0,section_panel
CHESTV6,6' x 8' Certainteed - Chesterf,Non-stock item,626.22,344.42,section_panel
CHESTVG63,"6' x 36-1/2"""" Chesterfield wit",Non-stock item,0.0,0.0,section_panel
CHESTVG64,"6' x 50-1/2"""" Chesterfield wit",Non-stock item,836.56,460.11,section_panel
CHESTVG65,"6' x 64-1/2"""" Chesterfield wit",Non-stock item,0.0,0.0,section_panel
CHH25,1/4 in. CHAIN,Non-stock item,6.67,2.0,other
CHH316,3/16 in. CHAIN,Non-stock item,2.0,1.0,other
CHH38,3/8 in. CHAIN,Non-stock item,6.0,3.0,other
CHH516,5/16 in. CHAIN,Non-stock item,3.28,1.64,other
CHQH,Certainteed Hinge & latch set,Non-stock item,318.65,175.26,gate
CHW,CANTILEVER HELPER WHEEL,Non-stock item,46.76,25.25,other
CL300,3 in CANTILEVER FEMALE LATCH,Non-stock item,43.74,21.87,gate
CL400,4 in CANTILEVER FEMALE LATCH,Non-stock item,50.62,25.31,gate
CL658,6-5/8 in CANTILEVER FEMALE LAT,Non-stock item,162.72,81.36,other
CL-7210-GY,SELF CLOSING CL HINGE 2-1/2 TO,Non-stock item,118.31,65.07,gate
CLAR46,CLARENDON 4 x 6 SECTION,Non-stock item,142.96,78.63,section_panel
CLAR56,CLARENDON 5 x 6 SECTION,Non-stock item,150.38,82.71,section_panel
CLAR66,CLARENDON 6 x 6 SECTION,Non-stock item,157.69,86.73,section_panel
CLARG43,CLARENDON GATE 4 x 3 OPEN,Non-stock item,218.28,109.14,gate
CLARG44,CLARENDON GATE 4 x 4 OPEN,Non-stock item,231.46,115.73,gate
CLARG45,CLARENDON GATE 4 x 5 OPEN,Non-stock item,246.12,123.06,gate
CLARG53,CLARENDON GATE 5 x 3 OPEN,Non-stock item,228.84,114.42,gate
CLARG54,CLARENDON GATE 5 x 4 OPEN,Non-stock item,403.42,201.71,gate
CLARG55,CLARENDON GATE 5 x 5 OPEN,Non-stock item,259.54,129.77,gate
CLARG63,CLARENDON GATE 6 x 3 OPEN,Non-stock item,240.16,120.08,gate
CLARG64,CLARENDON GATE 6 x 4 OPEN,Non-stock item,256.3,128.15,gate
CLARG65,CLARENDON GATE 6 x 5 OPEN,Non-stock item,273.92,136.96,gate
CLAY44,CLAYTON 4 x 4 SECTION,Non-stock item,126.75,69.71,section_panel
CLAY46,CLAYTON 4 x 6 SECTION,Non-stock item,173.49,95.42,section_panel
CLAY54,CLAYTON 5 x 4 SECTION,Non-stock item,136.75,75.21,section_panel
CLAY56,CLAYTON 5 x 6 SECTION,Non-stock item,188.87,103.88,section_panel
CLAY64,CLAYTON 6 x 4 SECTION,Non-stock item,146.76,80.72,section_panel
CLAY66,CLAYTON 6 x 6 SECTION,Non-stock item,204.27,112.35,section_panel
CLAYG43,CLAYTON GATE 4 x 3 OPEN,Non-stock item,206.8,103.4,gate
CLAYG44,CLAYTON GATE 4 x 4 OPEN,Non-stock item,222.6,111.3,gate
CLAYG45,CLAYTON GATE 4 x 5 OPEN,Non-stock item,240.04,120.02,gate
CLAYG53,CLAYTON GATE 5 x 3 OPEN,Non-stock item,219.28,109.64,gate
CLAYG54,CLAYTON GATE 5 x 4 OPEN,Non-stock item,237.66,118.83,gate
CLAYG55,CLAYTON GATE 5 x 5 OPEN,Non-stock item,244.04,122.02,gate
CLAYG63,CLAYTON GATE 6 x 3 OPEN,Non-stock item,232.6,116.3,gate
CLAYG64,CLAYTON GATE 6 x 4 OPEN,Non-stock item,254.34,127.17,gate
CLAYG65,CLAYTON GATE 6 x 5 OPEN,Non-stock item,276.08,138.04,gate
CLC400,"4"""" Cantilever gate collector",Non-stock item,73.04,36.52,gate
COM4,COMMACK 4 x 8 SECTION,Non-stock item,270.62,115.84,section_panel
COM5,COMMACK 5 x 8 SECTION,Non-stock item,311.24,138.18,section_panel
COM6,COMMACK 6 x 8 SECTION,Non-stock item,351.85,160.52,section_panel
COMG43,COMMACK GATE 4 x 3 OPEN,Non-stock item,0.0,0.0,gate
COMG44,COMMACK GATE 4 x 4 OPEN,Non-stock item,0.0,0.0,gate
COMG45,COMMACK GATE 4 x 5 OPEN,Non-stock item,0.0,0.0,gate
COMG53,COMMACK GATE 5 x 3 OPEN,Non-stock item,0.0,0.0,gate
COMG54,COMMACK GATE 5 x 4 OPEN,Non-stock item,0.0,0.0,gate
COMG55,COMMACK GATE 5 x 5 OPEN,Non-stock item,0.0,0.0,gate
COMG63,COMMACK GATE 6 x 3 OPEN,Non-stock item,0.0,0.0,gate
COMG64,COMMACK GATE 6 x 4 OPEN,Non-stock item,0.0,0.0,gate
COMG65,COMMACK GATE 6 x 5 OPEN,Non-stock item,0.0,0.0,gate
COMMERCIAL ROLL GATE,,Non-stock item,0.0,0.0,gate
COMMERCIAL SWING GAT,,Stock item,0.0,0.0,gate
COMPOST,COMPOST BIN,Non-stock item,289.75,159.36,other
CONCRETE,handy crete concrete 80LB BAG,Non-stock item,11.25,6.75,concrete
consulting,,Non-stock item,0.0,0.0,other
CONVIENCE CHARGE,CREDIT CARD CHARGE,Charge item,0.0,,labor_charge
CPCN,"5"""" x5"""" Certainteed New Engla",Non-stock item,16.51,9.08,section_panel
CPCT,"5"""" x 5"""" Certainteed Traditio",Non-stock item,7.4,4.07,section_panel
CPL138,1-3/8 AUTO CHILD PROOF LATCH,Non-stock item,30.15,18.09,gate
CPL200,2 in. AUTO CHILD PROOF LATCH,Non-stock item,27.92,16.75,gate
CPL250,2-1/2 in. AUTO CHILD PROOF LAT,Non-stock item,30.15,18.09,other
CPL25158,2-1/2 x 1-5/8 CHILD PROOF LATC,Non-stock item,46.35,27.81,other
CPL3158,3 IN.  x 1-5/8 CHILD PROOF LAT,Non-stock item,51.65,30.99,other
CPP,COLONIAL PORCH POST 5000 LBS,Non-stock item,190.8,104.94,post
CR250,2-1/2 in. CANTILEVER ROLLER,Non-stock item,83.9,42.79,other
CR300,3 in. CANTILEVER ROLLER w/o gu,Non-stock item,130.02,66.31,other
CR400,4 in. CANTILEVER ROLLER w/o gu,Non-stock item,167.73,85.54,other
CR400N,4 IN.Cantilever roller nylon w,Non-stock item,189.51,96.65,other
CR658,6-5/8 in. CANTILEVER ROLLER,Non-stock item,338.0,172.38,other
CR658N,6-5/8 in. Cantilever roller ny,Non-stock item,178.1,90.83,other
CRC,CANTILEVER ROLLER GUARD per.,Non-stock item,34.0,17.0,other
CREDIT,,Non-stock item,0.0,0.0,other
Credit cards fees,Credit card fees,Charge item,0.0,,labor_charge
CRG1010,Comm. Roll gate 10 x 10 1-5/8,Non-stock item,766.8,102.24,gate
CRG1012,Comm. Roll gate 10 x 12 1-5/8,Non-stock item,809.4,107.92,gate
CRG1014,Comm. Roll gate 10 x 14 1-5/8,Non-stock item,852.0,113.6,gate
CRG1016,Comm. Roll gate 10 x 16 1-5/8,Non-stock item,1054.35,140.58,gate
CRG1018,Comm. Roll gate 10 x 18 1-5/8,Non-stock item,1096.95,146.26,gate
CRG1020,Comm. Roll gate 10 x 20 1-5/8,Non-stock item,1160.85,154.78,gate
CRG1022,Comm. Roll gate 10 x 22 1-5/8,Non-stock item,1203.45,160.46,gate
CRG1024,Comm. Roll gate 10 x 24 1-5/8,Non-stock item,1246.05,166.14,gate
CRG1210,Comm. Roll gate 12 x 10 1-5/8,Non-stock item,873.3,116.44,gate
CRG1212,Comm. Roll gate 12 x 12 1-5/8,Non-stock item,915.9,122.12,gate
CRG1214,Comm. Roll gate 12 x 14 1-5/8,Non-stock item,958.5,127.8,gate
CRG1216,Comm. Roll gate 12 x 16 1-5/8,Non-stock item,1182.15,157.62,gate
CRG1218,Comm. Roll gate 12 x 18 1-5/8,Non-stock item,1224.75,163.3,gate
CRG1220,Comm. Roll gate 12 x 20 1-5/8,Non-stock item,1288.65,171.82,gate
CRG1222,Comm. Roll gate 12 x 22 1-5/8,Non-stock item,1331.25,177.5,gate
CRG1224,Comm. Roll gate 12 x 24 1-5/8,Non-stock item,1373.85,183.18,gate
CRG410,Comm. Roll gate 4 x 10 1-5/8 f,Non-stock item,340.8,45.44,gate
CRG412,Comm. Roll gate 4 x 12 1-5/8 f,Non-stock item,489.9,65.32,gate
CRG414,Comm. Roll gate 4 x 14 1-5/8 f,Non-stock item,532.5,71.0,gate
CRG416,Comm. Roll gate 4 x 16 1-5/8 f,Non-stock item,617.7,82.36,gate
CRG418,Comm. Roll gate 4 x 18 1-5/8 f,Non-stock item,660.3,88.04,gate
CRG420,Comm. Roll gate 4 x 20 1-5/8 f,Non-stock item,756.15,100.82,gate
CRG422,Comm. Roll gate 4 x 22 1-5/8 f,Non-stock item,798.75,106.5,gate
CRG424,Comm. Roll gate 4 x 24 1-5/8 f,Non-stock item,841.35,112.18,gate
CRG510,Comm. Roll gate 5 x 10 1-5/8 f,Non-stock item,479.25,63.9,gate
CRG512,Comm. Roll gate 5 x 12 1-5/8 f,Non-stock item,543.15,72.42,gate
CRG514,Comm. Roll gate 5 x 14 1-5/8 f,Non-stock item,585.75,78.1,gate
CRG516,Comm. Roll gate 5 x 16 1-5/8 f,Non-stock item,734.85,97.98,gate
CRG518,Comm. Roll gate 5 x 18 1-5/8 f,Non-stock item,777.45,103.66,gate
CRG520,Comm. Roll gate 5 x 20 1-5/8 f,Non-stock item,841.35,112.18,gate
CRG522,Comm. Roll gate 5 x 22 1-5/8 f,Non-stock item,883.95,117.86,gate
CRG524,Comm. Roll gate 5 x 24 1-5/8 f,Non-stock item,777.45,103.66,gate
CRG610,Comm. Roll gate 6 x 10 1-5/8 f,Non-stock item,553.8,73.84,gate
CRG612,Comm. Roll gate 6 x 12 1-5/8 f,Non-stock item,596.4,79.52,gate
CRG614,Comm. Roll gate 6 x 14 1-5/8 f,Non-stock item,639.0,85.2,gate
CRG616,Comm. Roll gate 6 x 16 1-5/8 f,Non-stock item,798.75,106.5,gate
CRG618,Comm. Roll gate 6 x 18 1-5/8 f,Non-stock item,841.35,112.18,gate
CRG620,Comm. Roll gate 6 x 20 1-5/8 f,Non-stock item,905.25,120.7,gate
CRG622,Comm. Roll gate 6 x 22 1-5/8 f,Non-stock item,947.85,126.38,gate
CRG624,Comm. Roll gate 6 x 24 1-5/8 f,Non-stock item,990.45,132.06,gate
CRG810,Comm. Roll gate 8 x 10 1-5/8 f,Non-stock item,660.3,88.04,gate
CRG812,Comm. Roll gate 8 x 12 1-5/8 f,Non-stock item,702.9,93.72,gate
CRG814,Comm. Roll gate 8 x 14 1-5/8 f,Non-stock item,745.5,99.4,gate
CRG816,Comm. Roll gate 8 x 16 1-5/8 f,Non-stock item,926.55,123.54,gate
CRG818,Comm. Roll gate 8 x 18 1-5/8 f,Non-stock item,969.15,129.22,gate
CRG820,Comm. Roll gate 8 x 20 1-5/8 f,Non-stock item,1033.05,137.74,gate
CRG822,Comm. Roll gate 8 x 22 1-5/8 f,Non-stock item,1075.65,143.42,gate
CRG824,Comm. Roll gate 8 x 24 1-5/8 f,Non-stock item,1118.25,149.1,gate
CRNTOP,1 x 8 CROWN TOPPER,Non-stock item,0.0,0.0,other
CRNTOP2,2 x 8 CROWN TOPPER,Non-stock item,0.0,0.0,other
CROS4,CROSS BUCK 4 x 8 SECTION,Non-stock item,108.51,59.68,section_panel
CROSG44,CROSS BUCK GATE 4 x 4 OPEN,Non-stock item,0.0,0.0,gate
CROSG46,CROSS BUCK GATE 4 x 6 OPEN,Non-stock item,0.0,0.0,gate
CROSG48,CROSS BUCK GATE 4 x 8 OPEN,Non-stock item,0.0,0.0,gate
CSG1010,Comm. D.Swing gate 10 x 10 1-5,Non-stock item,596.4,85.2,gate
CSG1012,Comm. D.Swing gate 10 x 12 1-5,Non-stock item,656.04,93.72,gate
CSG1014,Comm. D.Swing gate 10 x 14 1-5,Non-stock item,715.68,102.24,gate
CSG103,Comm.Swing gate 10x3 1-5/8 fra,Non-stock item,288.26,41.18,gate
CSG104,Comm.Swing gate 10x4 1-5/8 fra,Non-stock item,318.08,45.44,gate
CSG105,Comm.Swing gate 10x5 1-5/8 fra,Non-stock item,347.9,49.7,gate
CSG106,Comm.Swing gate 10x6 1-5/8 fra,Non-stock item,377.72,53.96,gate
CSG108,Comm. D.Swing gate 10 x 8 1-5/,Non-stock item,536.76,76.68,gate
CSG1210,Comm. D.Swing gate 12 x 10 1-5,Non-stock item,656.04,93.72,gate
CSG1212,Comm. D.Swing gate 12 x 12 1-5,Non-stock item,715.68,102.24,gate
CSG1214,Comm. D.Swing gate 12 x 14 1-5,Non-stock item,775.32,110.76,gate
CSG123,Comm.Swing gate 12x3 1-5/8 fra,Non-stock item,328.02,46.86,gate
CSG124,Comm.Swing gate 12x4 1-5/8 fra,Non-stock item,357.84,51.12,gate
CSG125,Comm.Swing gate 12x5 1-5/8 fra,Non-stock item,387.66,55.38,gate
CSG126,Comm.Swing gate 12x6 1-5/8 fra,Non-stock item,417.48,59.64,gate
CSG128,Comm. D.Swing gate 12 x 8 1-5/,Non-stock item,596.4,85.2,gate
CSG410,Comm. D.Swing gate 4 x 10 1-5/,Non-stock item,318.08,45.44,gate
CSG412,Comm. D.Swing gate 4 x 12 1-5/,Non-stock item,477.12,68.16,gate
CSG414,Comm. D.Swing gate 4 x 14 1-5/,Non-stock item,397.6,56.8,gate
CSG43,Comm.Swing gate 4x3 1-5/8 fram,Non-stock item,139.16,19.88,gate
CSG44,Comm.Swing gate 4x4 1-5/8 fram,Non-stock item,159.04,22.72,gate
CSG45,Comm.Swing gate 4x5 1-5/8 fram,Non-stock item,178.92,25.56,gate
CSG46,Comm.Swing gate 4x6 1-5/8 fram,Non-stock item,198.8,28.4,gate
CSG48,Comm. D.Swing gate 4 x 8 1-5/8,Non-stock item,278.32,39.76,gate
CSG510,Comm. D.Swing gate 5 x 10 1-5/,Non-stock item,447.3,63.9,gate
CSG512,Comm. D.Swing gate 5 x 12 1-5/,Non-stock item,506.94,72.42,gate
CSG514,Comm. D.Swing gate 5 x 14 1-5/,Non-stock item,566.58,80.94,gate
CSG53,Comm.Swing gate 5x3 1-5/8 fram,Non-stock item,188.86,26.98,gate
CSG54,Comm.Swing gate 5x4 1-5/8 fram,Non-stock item,218.68,31.24,gate
CSG55,Comm.Swing gate 5x5 1-5/8 fram,Non-stock item,248.5,35.5,gate
CSG56,Comm.Swing gate 5x6 1-5/8 fram,Non-stock item,278.32,39.76,gate
CSG58,Comm. D.Swing gate 5 x 8 1-5/8,Non-stock item,387.66,55.38,gate
CSG610,Comm. D.Swing gate 6 x 10 1-5/,Non-stock item,477.12,68.16,gate
CSG612,Comm. D.Swing gate 6 x 12 1-5/,Non-stock item,536.76,76.68,gate
CSG614,Comm. D.Swing gate 6 x 14 1-5/,Non-stock item,596.4,85.2,gate
CSG63,Comm.Swing gate 6x3 1-5/8 fram,Non-stock item,208.74,29.82,gate
CSG64,Comm.Swing gate 6x4 1-5/8 fram,Non-stock item,238.56,34.08,gate
CSG65,Comm.Swing gate 6x5 1-5/8 fram,Non-stock item,268.38,38.34,gate
CSG66,Comm.Swing gate 6x6 1-5/8 fram,Non-stock item,298.2,42.6,gate
CSG68,Comm. D.Swing gate 6 x 8 1-5/8,Non-stock item,417.48,59.64,gate
CSG710,Comm.Swing gate 7x10 1-5/8 fra,Non-stock item,506.94,72.42,gate
CSG712,Comm.Swing gate 7x12 1-5/8 fra,Non-stock item,566.58,80.94,gate
CSG714,Comm.Swing gate 7x14 1-5/8 fra,Non-stock item,626.22,89.46,gate
CSG73,Comm.Swing gate 7x3 1-5/8 fram,Non-stock item,228.62,32.66,gate
CSG74,Comm.Swing gate 7x4 1-5/8 fram,Non-stock item,258.44,36.92,gate
CSG75,Comm.Swing gate 7x5 1-5/8 fram,Non-stock item,288.26,41.18,gate
CSG76,Comm.Swing gate 7x6 1-5/8 fram,Non-stock item,318.08,45.44,gate
CSG78,Comm.Swing gate 7x8 1-5/8 fram,Non-stock item,447.3,63.9,gate
CSG810,Comm. D.Swing gate 8 x 10 1-5/,Non-stock item,536.76,76.68,gate
CSG812,Comm. D.Swing gate 8 x 12 1-5/,Non-stock item,596.4,85.2,gate
CSG814,Comm. D.Swing gate 8 x 14 1-5/,Non-stock item,656.04,93.72,gate
CSG83,Comm.Swing gate 8x3 1-5/8 fram,Non-stock item,248.5,35.5,gate
CSG84,Comm.Swing gate 8x4 1-5/8 fram,Non-stock item,278.32,39.76,gate
CSG85,Comm.Swing gate 8x5 1-5/8 fram,Non-stock item,308.14,44.02,gate
CSG86,Comm.Swing gate 8x6 1-5/8 fram,Non-stock item,337.96,48.28,gate
CSG88,Comm. D.Swing gate 8 x 8 1-5/8,Non-stock item,477.12,68.16,gate
CSW5,5 in. CAST WHEEL W/FINGER,Non-stock item,70.0,35.0,other
CUT,CUT WIRE CHARGE,Non-stock item,20.0,0.0,chain_link
CW7,7 ga. GALV. COIL WIRE 1000',Non-stock item,278.0,139.0,chain_link
CWTS200,WOOD TO STEEL - CORNER - 2in,Non-stock item,6.8,2.72,wood
CWTS250,WOOD TO STEEL - CORNER - 2-1/2,Non-stock item,7.6,3.04,wood
CWTS300,3 in CORNER WOOD TO STEEL,Non-stock item,8.0,3.2,wood
DAAWF,Delgard Aero Adj Wall Flange,Non-stock item,0.0,0.0,aluminum
DABF250,Jerith alum base flange 2-1/2,Non-stock item,0.0,0.0,aluminum
DAG43,4 x 3 Areo Alum gate 1 x 5/8 4,Non-stock item,0.0,0.0,gate
DAG43A,4 x 3 Areo Arched alum gates 4,Non-stock item,0.0,0.0,aluminum
DAG43AF,4 x 3 Areo Arched gates w/fini,Non-stock item,0.0,0.0,aluminum
DAG44,4 x 4 Areo Alum gate 1 x 5/8 4,Non-stock item,0.0,0.0,gate
DAG44A,4 x 4 Areo Arched alum gates 4,Non-stock item,0.0,0.0,aluminum
DAG44AF,4 x 4 Areo Arched gates w/fini,Non-stock item,0.0,0.0,aluminum
DAG45,4 x 5 Areo Alum gate 1 x 5/8 4,Non-stock item,0.0,0.0,gate
DAG45A,4 x 5 Areo Arched alum gates 4,Non-stock item,0.0,0.0,aluminum
DAG45AF,4 x 5 Areo Arched gates w/fini,Non-stock item,0.0,0.0,aluminum
DAG46,4 x 6 Areo Alum gate 1 x 5/8 4,Non-stock item,0.0,0.0,gate
DAG46A,4 x 6 Areo Arched alum gates 4,Non-stock item,0.0,0.0,aluminum
DAG46AF,4 x 6 Areo Arched gates w/fini,Non-stock item,0.0,0.0,aluminum
DAG47,4 x 8 Areo Alum gate 1 x 5/8 4,Non-stock item,0.0,0.0,gate
DAG53,5 x 3 Areo Alum gate 1 x 5/8 4,Non-stock item,0.0,0.0,gate
DAG53A,5 x 3 Areo Arched alum gates 4,Non-stock item,0.0,0.0,aluminum
DAG53AF,5 x 3 Areo Arched gates w/fini,Non-stock item,0.0,0.0,aluminum
DAG54,5 x 4 Areo Alum gate 1 x 5/8 4,Non-stock item,0.0,0.0,gate
DAG543A,54 x 3 Areo Arched alum gates,Non-stock item,0.0,0.0,aluminum
DAG543AF,54 x 3 Areo Arched gates w/fin,Non-stock item,0.0,0.0,aluminum
DAG544A,54 x 4 Areo Arched alum gates,Non-stock item,0.0,0.0,aluminum
DAG544AF,54 x 4 Areo Arched gates w/fin,Non-stock item,0.0,0.0,aluminum
DAG545A,54 x 5 Areo Arched alum gates,Non-stock item,0.0,0.0,aluminum
DAG545AF,54 x 5 Areo Arched gates w/fin,Non-stock item,0.0,0.0,aluminum
DAG546A,54 x 6 Areo Arched alum gates,Non-stock item,0.0,0.0,aluminum
DAG546AF,54 x 6 Areo Arched gates w/fin,Non-stock item,0.0,0.0,aluminum
DAG54A,5 x 4 Areo Arched alum gates 4,Non-stock item,0.0,0.0,aluminum
DAG54AF,5 x 4 Areo. Arched gates w/fin,Non-stock item,0.0,0.0,aluminum
DAG55,5 x 5 Areo Alum gate 1 x 5/8 4,Non-stock item,0.0,0.0,gate
DAG55A,5 x 5 Areo Arched alum gates 4,Non-stock item,0.0,0.0,aluminum
DAG55AF,5 x 5 Areo Arched gates w/fini,Non-stock item,0.0,0.0,aluminum
DAG56,5 x 6 Areo Alum gate 1 x 5/8 4,Non-stock item,0.0,0.0,gate
DAG56A,5 x 6 Areo Arched alum gates 4,Non-stock item,0.0,0.0,aluminum
DAG56AF,5 x 6 Areo Arched gates w/fini,Non-stock item,0.0,0.0,aluminum
DAG57,5 x 8 Areo Alum gate 1 x 5/8 4,Non-stock item,0.0,0.0,gate
DAG63,6 x 3 Areo Alum gate 1 x 5/8 4,Non-stock item,0.0,0.0,gate
DAG63A,6 x 3 Areo Arched alum gates 4,Non-stock item,0.0,0.0,aluminum
DAG63AF,6 x 3 Areo Arched gates w/fini,Non-stock item,0.0,0.0,aluminum
DAG64,6 x 4 Areo Alum gate 1 x 5/8 4,Non-stock item,0.0,0.0,gate
DAG64A,6 x 4 Areo Arched alum gates 4,Non-stock item,0.0,0.0,aluminum
DAG64AF,6 x 4 Areo Arched gates w/fini,Non-stock item,0.0,0.0,aluminum
DAG65,6 x 5 Areo Alum gate 1 x 5/8 4,Non-stock item,0.0,0.0,gate
DAG65A,6 x 5 Areo Arched alum gates 4,Non-stock item,0.0,0.0,aluminum
DAG65AF,6 x 5 Areo Arched gates w/fini,Non-stock item,0.0,0.0,aluminum
DAG66,6 x 6 Areo Alum gate 1 x 5/8 4,Non-stock item,0.0,0.0,gate
DAG66A,6 x 6 Areo Arched alum gates 4,Non-stock item,0.0,0.0,aluminum
DAG66AF,6 x 6 Areo. Arched gates w/fin,Non-stock item,0.0,0.0,aluminum
DAG67,6 x 8 Areo Alum gate 1 x 5/8 4,Non-stock item,0.0,0.0,gate
DAGG43,4 x 3 Areo sentry guard gate 1,Non-stock item,0.0,0.0,gate
DAGG44,4 x 4 Areo sentry guard gate 1,Non-stock item,0.0,0.0,gate
DAGG44A,4X4 areo sentry arched gate 4,Non-stock item,0.0,0.0,gate
DAGG45,4 x 5 Areo sentry guard gate 1,Non-stock item,0.0,0.0,gate
DAGG45A,4X5 areo sentry arched gate 4,Non-stock item,0.0,0.0,gate
DAGG46,4 x 6 Areo sentry guard gate 1,Non-stock item,0.0,0.0,gate
DAGG46A,4X6 areo sentry arched gate 4,Non-stock item,0.0,0.0,gate
DAGG543,54 x 3 Areo guard gate 1 x 5/8,Non-stock item,0.0,0.0,gate
DAGG544,54 x 4 Areo guard gate 1 x 5/8,Non-stock item,0.0,0.0,gate
DAGG545,54 x 5 Areo guard gate 1 x 5/8,Non-stock item,0.0,0.0,gate
DAGG546,54 x 6 Areo guard gate 1 x 5/8,Non-stock item,0.0,0.0,gate
DALT46,DALTON 4 x 6 SECTION,Non-stock item,174.18,95.8,section_panel
DALT56,DALTON 5 x 6 SECTION,Non-stock item,182.87,100.58,section_panel
DALT66,DALTON 6 x 6 SECTION,Non-stock item,196.85,108.27,section_panel
DALTG43,DALTON GATE 4 x 3 OPEN,Non-stock item,237.36,118.68,gate
DALTG44,DALTON GATE 4 x 4 OPEN,Non-stock item,253.76,126.88,gate
DALTG45,DALTON GATE 4 x 5 OPEN,Non-stock item,271.86,135.93,gate
DALTG53,DALTON GATE 5 x 3 OPEN,Non-stock item,254.14,127.07,gate
DALTG54,DALTON GATE 5 x 4 OPEN,Non-stock item,270.64,135.32,gate
DALTG55,DALTON GATE 5 x 5 OPEN,Non-stock item,312.14,156.07,gate
DALTG63,DALTON GATE 6 x 3 OPEN,Non-stock item,263.88,131.94,gate
DALTG64,DALTON GATE 6 x 4 OPEN,Non-stock item,293.42,146.71,gate
DALTG65,DALTON GATE 6 x 5 OPEN,Non-stock item,309.28,154.64,gate
DART46,DARTMOUTH 4 x 6 SECTION,Non-stock item,179.09,98.5,section_panel
DART56,DARTMOUTH 5 x 6 SECTION,Non-stock item,195.22,107.37,section_panel
DART66,DARTMOUTH 6 x 6 SECTION,Non-stock item,211.36,116.25,section_panel
DARTG43,DARTMOUTH GATE 4 x 3 OPEN,Non-stock item,234.12,117.06,gate
DARTG44,DARTMOUTH GATE 4 x 4 OPEN,Non-stock item,257.6,128.8,gate
DARTG45,DARTMOUTH GATE 4 x 5 OPEN,Non-stock item,274.6,137.3,gate
DARTG53,DARTMOUTH GATE 5 x 3 OPEN,Non-stock item,249.72,124.86,gate
DARTG54,DARTMOUTH GATE 5 x 4 OPEN,Non-stock item,277.14,138.57,gate
DARTG55,DARTMOUTH GATE 5 x 5 OPEN,Non-stock item,292.16,146.08,gate
DARTG63,DARTMOUTH GATE 6 x 3 OPEN,Non-stock item,265.4,132.7,gate
DARTG64,DARTMOUTH GATE 6 x 4 OPEN,Non-stock item,296.96,148.48,gate
DARTG65,DARTMOUTH GATE 6 x 5 OPEN,Non-stock item,318.34,159.17,gate
DASWF,Delgard Aero Wall Flange,Non-stock item,0.0,0.0,aluminum
DAWS4,DAWSON 4 x 8 SECTION,Non-stock item,496.56,185.78,section_panel
DAWS5,DAWSON 5 x 8 SECTION,Non-stock item,574.84,224.92,section_panel
DAWS6,DAWSON 6 x 8 SECTION,Non-stock item,663.42,269.21,section_panel
DAWSG43,DAWSON GATE 4 x 3 OPEN,Non-stock item,391.34,120.67,gate
DAWSG44,DAWSON GATE 4 x 4 OPEN,Non-stock item,434.28,142.14,gate
DAWSG45,DAWSON GATE 4 x 5 OPEN,Non-stock item,477.22,163.61,gate
DAWSG53,DAWSON GATE 5 x 3 OPEN,Non-stock item,437.26,143.63,gate
DAWSG54,DAWSON GATE 5 x 4 OPEN,Non-stock item,492.56,171.28,gate
DAWSG55,DAWSON GATE 5 x 5 OPEN,Non-stock item,547.86,198.93,gate
DAWSG63,DAWSON GATE 6 x 3 OPEN,Non-stock item,477.0,163.5,gate
DAWSG64,DAWSON GATE 6 x 4 OPEN,Non-stock item,542.6,196.3,gate
DAWSG65,DAWSON GATE 6 x 5 OPEN,Non-stock item,608.2,229.1,gate
DAYLILARC,DAY LILY ARCH TOP,Non-stock item,1094.55,602.0,other
DAYLILFLAT,DAY LILY ARBOR FLAT,Non-stock item,781.82,430.0,other
DBH400,4 in DOUBLE BEAM HANGER FOR OV,Non-stock item,176.02,96.81,other
DBSA,areo butterfly scroll alum,Non-stock item,0.0,0.0,aluminum
DBSC,comm butterfly scroll alum,Non-stock item,0.0,0.0,aluminum
DBSR,resi butterfly scroll alum,Non-stock item,0.0,0.0,aluminum
DBT200,2 x 2 ALUM BALL TOP,Non-stock item,24.54,8.59,aluminum
DBT250,2-1/2 x 2-1/2 ALUM BALL TOP,Non-stock item,28.43,9.95,aluminum
DBT400,4 x 4 ALUM BALL TOP,Non-stock item,55.31,19.36,aluminum
DCAWF,Jerith 1x1-1/2 adjustable wall,Non-stock item,0.0,0.0,aluminum
DCG43,4 x 3 comm alum gate 3/4 x 3/4,Non-stock item,339.69,186.83,gate
DCG43A,4 x 3 comm alum Arched gate 3/,Non-stock item,527.6,290.18,gate
DCG44,4 x 4 comm alum gate 3/4 x 3/4,Non-stock item,469.09,258.0,gate
DCG44A,4 x 4 comm alum Arched gate 3/,Non-stock item,556.51,306.08,gate
DCG45,4 x 5 comm alum gate 3/4 x 3/4,Non-stock item,419.18,230.55,gate
DCG45A,4 x 5 comm alum Arched gate 3/,Non-stock item,607.09,333.9,gate
DCG46,4 x 6 comm alum gate 3/4 x 3/4,Non-stock item,872.73,480.0,gate
DCG46A,4 x 6 comm alum Arched gate 3/,Non-stock item,692.38,380.81,gate
DCG47A,4 x 7 comm alum Arched gate 3/,Non-stock item,802.24,441.23,gate
DCG48,4 x 8 comm alum gate 3/4 x 3/4,Non-stock item,721.29,396.71,gate
DCG48A,4 x 8 comm alum Arched gate 3/,Non-stock item,909.2,500.06,gate
DCG53,5 x 3 comm alum gate 3/4 x 3/4,Non-stock item,490.91,270.0,gate
DCG53A,5 x 3 comm alum Arched gate 3/,Non-stock item,549.27,302.1,gate
DCG54,5 x 4 comm alum gate 3/4 x 3/4,Non-stock item,518.18,285.0,gate
DCG548,54 x 8 comm Guardian alum gate,Non-stock item,831.15,457.13,gate
DCG54A,5 x 4 comm alum Arched gate 3/,Non-stock item,585.27,321.9,gate
DCG55,5 x 5 comm alum gate 3/4 x 3/4,Non-stock item,448.09,246.45,gate
DCG55A,5 x 5 comm alum Arched gate 3/,Non-stock item,636.0,349.8,gate
DCG56,5 x 6 comm alum gate 3/4 x 3/4,Non-stock item,542.05,298.13,gate
DCG56A,5 x 6 comm alum Arched gate 3/,Non-stock item,729.96,401.48,gate
DCG57A,5 x 7 comm alum Arched gate 3/,Non-stock item,845.6,465.08,gate
DCG58,5 x 8 comm alum gate 3/4 x 3/4,Non-stock item,764.65,420.56,gate
DCG58A,5 x 8 comm alum Arched gate 3/,Non-stock item,952.56,523.91,gate
DCG63,6 x 3 comm alum gate 3/4 x 3/4,Non-stock item,375.82,206.7,gate
DCG63A,6 x 3 comm alum Arched gate 3/,Non-stock item,563.73,310.05,gate
DCG64,6 x 4 comm alum gate 3/4 x 3/4,Non-stock item,411.96,226.58,gate
DCG64A,6 x 4 comm alum Arched gate 3/,Non-stock item,599.87,329.93,gate
DCG65,6 x 5 comm alum gate 3/4 x 3/4,Non-stock item,462.55,254.4,gate
DCG65A,6 x 5 comm alum Arched gate 3/,Non-stock item,650.45,357.75,gate
DCG66,6 x 6 comm alum gate 3/4 x 3/4,Non-stock item,556.51,306.08,gate
DCG66A,6 x 6 comm alum Arched gate 3/,Non-stock item,620.33,341.18,gate
DCG67A,6 x 7 comm alum Arched gate 3/,Non-stock item,888.96,488.93,gate
DCG68,6 x 8 comm alum gate 3/4 x 3/4,Non-stock item,816.69,449.18,gate
DCG68A,6 x 8 comm alum Arched gate 3/,Non-stock item,1004.6,552.53,gate
DCGG543,54 x 3 comm Guardian alum gate,Non-stock item,490.91,270.0,gate
DCGG543A,54 x 3 comm Guardian alum Arch,Non-stock item,620.11,341.06,aluminum
DCGG544,54 x 4 comm Guardian alum gate,Non-stock item,469.78,258.38,gate
DCGG544A,54 x 4 comm Guardian alum Arch,Non-stock item,657.69,361.73,aluminum
DCGG545,54 x 5 comm Guardian alum gate,Non-stock item,518.93,285.41,gate
DCGG545A,54 x 5 comm Guardian alum Arch,Non-stock item,706.84,388.76,aluminum
DCGG546,54 x 6 comm Guardian alum gate,Non-stock item,614.33,337.88,gate
DCGG546A,54 x 6 comm Guardian alum Arch,Non-stock item,802.24,441.23,aluminum
DCGG547A,54 x 7 comm Guardian alum Arch,Non-stock item,909.2,500.06,aluminum
DCGG548A,54 x 8 comm Guardian alum Arch,Non-stock item,1019.05,560.48,aluminum
DCIRA,alum circle for areo 20 needed,Non-stock item,0.0,0.0,aluminum
DCIRC,alum circle for comm 20 needed,Non-stock item,0.0,0.0,aluminum
DCS,SCREW FOR DELRIN CLIP,Non-stock item,0.0,0.0,other
DCSWF,Jerith 1x1-1/2 stationary wall,Non-stock item,0.0,0.0,aluminum
DCW,8 in DOUBLE CARRIER WHEELS 12,Non-stock item,100.0,56.0,other
DCW6,6 in DOUBLE CARRIER WHEELS,Non-stock item,72.27,40.47,other
DDG410,4 x 10 D. DRIVE GATE GALV F/O,Non-stock item,247.66,35.38,gate
DDG410S,4 x 10 D. DRIVE GATE GALV STRU,Non-stock item,594.86,84.98,gate
DDG412,4 x 12 D. DRIVE GATE GALV F/O,Non-stock item,315.7,45.1,gate
DDG412S,4 x 12 D. DRIVE GATE GALV STRU,Non-stock item,703.22,100.46,gate
DDG48,4 x 8 D. DRIVE GATE GALV F/O,Non-stock item,224.98,32.14,gate
DDG48S,4 x 8 D. DRIVE GATE GALV STRUN,Non-stock item,531.86,75.98,gate
DDG510,5 x 10 D. DRIVE GATE GALV F/O,Non-stock item,283.5,40.5,gate
DDG510S,5 x 10 D. DRIVE GATE GALV STRU,Non-stock item,718.06,102.58,gate
DDG512,5 x 12 D. DRIVE GATE GALV F/O,Non-stock item,374.22,53.46,gate
DDG512S,5 x 12 D. DRIVE GATE GALV STRU,Non-stock item,802.48,114.64,gate
DDG58,5 x 8 D. DRIVE GATE GALV F/O,Non-stock item,249.48,35.64,gate
DDG58S,5 x 8 D. DRIVE GATE GALV STRUN,Non-stock item,633.64,90.52,gate
DDG610,6 x 10 D. DRIVE GATE GALV F/O,Non-stock item,306.18,43.74,gate
DDG610S,6 x 10 D. DRIVE GATE GALV STRU,Non-stock item,785.54,112.22,gate
DDG612,6 x 12 D. DRIVE GATE GALV F/O,Non-stock item,340.2,48.6,gate
DDG612S,6 x 12 D. DRIVE GATE GALV STRU,Non-stock item,869.96,124.28,gate
DDG68,6 x 8 D. DRIVE GATE GALV F/O,Non-stock item,272.16,38.88,gate
DDG68S,6 x 8 D. DRIVE GATE GALV STRUN,Non-stock item,701.12,100.16,gate
DECK10,DECK PLANK 10' LONG,Non-stock item,0.0,0.0,other
DECK12,DECK PLANK 12' LONG,Non-stock item,0.0,0.0,other
DECK14,DECK PLANK 14' LONG,Non-stock item,0.0,0.0,other
DECK16,DECK PLANK 16' LONG,Non-stock item,0.0,0.0,other
DECK8,DECK PLANK 8' LONG,Non-stock item,0.0,0.0,other
DELCLIP,DELRIN DECK CLIPS,Non-stock item,0.0,0.0,other
DELGARD ALUMINUM FEN,,Stock item,0.0,0.0,aluminum
DEN44,DENVER 4 x 4 SECTION,Non-stock item,121.53,66.84,section_panel
DEN46,DENVER 4 x 6 SECTION,Non-stock item,173.09,95.2,section_panel
DEN54,DENVER 5 x 4 SECTION,Non-stock item,140.62,77.34,section_panel
DEN56,DENVER 5 x 6 SECTION,Non-stock item,201.02,110.56,section_panel
DEN64,DENVER 6 x 4 SECTION,Non-stock item,151.22,83.17,section_panel
DEN66,DENVER 6 x 6 SECTION,Non-stock item,216.04,118.82,section_panel
DENG43,DENVER GATE 4 x 3 OPEN,Non-stock item,191.84,95.92,gate
DENG44,DENVER GATE 4 x 4 OPEN,Non-stock item,212.8,106.4,gate
DENG45,DENVER GATE 4 x 5 OPEN,Non-stock item,238.78,119.39,gate
DENG53,DENVER GATE 5 x 3 OPEN,Non-stock item,228.8,114.4,gate
DENG54,DENVER GATE 5 x 4 OPEN,Non-stock item,256.46,128.23,gate
DENG55,DENVER GATE 5 x 5 OPEN,Non-stock item,283.84,141.92,gate
DENG63,DENVER GATE 6 x 3 OPEN,Non-stock item,245.04,122.52,gate
DENG64,DENVER GATE 6 x 4 OPEN,Non-stock item,276.74,138.37,gate
DENG65,DENVER GATE 6 x 5 OPEN,Non-stock item,308.72,154.36,gate
Deposit,,Non-stock item,0.0,0.0,labor_charge
DESA,areo estate sroll alum,Non-stock item,0.0,0.0,aluminum
DESC,comm estate sroll alum,Non-stock item,0.0,0.0,aluminum
DESR,resi estate sroll alum,Non-stock item,0.0,0.0,aluminum
DG10H,4' REPLACEMENT HANDLES WOOD PE,Non-stock item,33.8,16.9,wood
DG11,HERCULES CL DIGGER,Non-stock item,57.16,28.58,other
DG12,PERFECTION DIGGER,Non-stock item,140.3,70.15,other
DG19,TAMP BAR 3 3/4 x 5½ x 6',Non-stock item,80.66,40.33,other
DG23,PIN BAR  STEEL,Non-stock item,42.04,21.02,other
DG60,PROMO/ SMALL DIGGERS,Non-stock item,21.64,10.82,other
DHD4,4' DIXHILLS DIAMOND 3/4 #1 T&G,Non-stock item,195.45,129.0,other
DHD5,5' DIXHILLS DIAMOND 3/4 #1 T&G,Non-stock item,305.73,201.78,other
DHD6,6' DIXHILLS DIAMOND 3/4 #1 T&G,Non-stock item,321.82,212.4,other
DHL4,4' DIXHILLS LATTICE 3/4 #1 T&G,Non-stock item,401.52,265.0,other
DHL5,5' DIXHILLS LATTICE 3/4 #1 T&G,Non-stock item,401.52,265.0,other
DHL6,6' DIXHILLS LATTICE 3/4 #1 T&G,Non-stock item,401.52,265.0,other
DHP4,4' DIXHILLS PLAIN 3/4 #1 T&G,Non-stock item,195.45,129.0,other
DHP5,5' DIXHILLS PLAIN 3/4 #1 T&G,Non-stock item,277.94,183.44,other
DHP6,6' DIXHILLS PLAIN 3/4 #1 T&G,Non-stock item,318.18,210.0,other
DHP8,8' DIXHILLS PLAIN 3/4 #1 T&G,Non-stock item,445.45,294.0,other
DIATOP,1 x 8 DIAMOND TOPPER Wood,Non-stock item,167.15,100.29,wood
DIEMOS,BFT DIEMOS  SLIDE GATE OPERATO,Non-stock item,975.38,634.0,gate
discount,,Non-stock item,0.0,0.0,labor_charge
DK410,KENNEL PANEL 4 x 10 STRUNG 1-3,Non-stock item,684.04,97.72,section_panel
DK412,KENNEL PANEL 4 x 12 STRUNG 1-3,Non-stock item,765.24,109.32,section_panel
DK43,KENNEL PANEL 4 x 3 STRUNG 1-3/,Non-stock item,358.96,51.28,section_panel
DK44,KENNEL PANEL 4 x 4 STRUNG 1-3/,Non-stock item,399.56,57.08,section_panel
DK45,KENNEL PANEL 4 x 5 STRUNG 1-3/,Non-stock item,440.16,62.88,section_panel
DK46,KENNEL PANEL 4 x 6 STRUNG 1-3/,Non-stock item,521.64,74.52,section_panel
DK48,KENNEL PANEL 4 x 8 STRUNG 1-3/,Non-stock item,602.84,86.12,section_panel
DK510,KENNEL PANEL 5 x 10 STRUNG 1-3,Non-stock item,761.74,108.82,section_panel
DK512,KENNEL PANEL 5 x 12 STRUNG 1-3,Non-stock item,853.02,121.86,section_panel
DK53,KENNEL PANEL 5 x 3 STRUNG 1-3/,Non-stock item,391.16,55.88,section_panel
DK54,KENNEL PANEL 5 x 4 STRUNG 1-3/,Non-stock item,436.8,62.4,section_panel
DK55,KENNEL PANEL 5 x 5 STRUNG 1-3/,Non-stock item,482.44,68.92,section_panel
DK56,KENNEL PANEL 5 x 6 STRUNG 1-3/,Non-stock item,579.18,82.74,section_panel
DK58,KENNEL PANEL 5 x 8 STRUNG 1-3/,Non-stock item,670.46,95.78,section_panel
DK610,KENNEL PANEL 6 x 10 STRUNG 1-3,Non-stock item,939.4,134.2,section_panel
DK612,KENNEL PANEL 6 x 12 STRUNG 1-3,Non-stock item,1102.92,157.56,section_panel
DK63,KENNEL PANEL 6 x 3 STRUNG 1-3/,Non-stock item,443.66,63.38,section_panel
DK64,KENNEL PANEL 6 x 4 STRUNG 1-3/,Non-stock item,535.22,76.46,section_panel
DK65,KENNEL PANEL 6 x 5 STRUNG 1-3/,Non-stock item,606.34,86.62,section_panel
DK66,KENNEL PANEL 6 x 6 STRUNG 1-3/,Non-stock item,657.02,93.86,section_panel
DK68,KENNEL PANEL 6 x 8 STRUNG 1-3/,Non-stock item,777.28,111.04,section_panel
DK9100,Door king 9100 110v slide gate,Non-stock item,2270.46,1475.8,gate
DK9150,Door king 9150 110v slide gate,Non-stock item,2116.54,1375.75,gate
DKG36,36 IN DOG KENNEL GATE,Non-stock item,188.94,62.98,gate
DKL138,DOG KENNEL LATCH,Non-stock item,7.96,3.98,gate
DLP18,DIAGONAL.LATTICE 1 x 8 PVC,Non-stock item,46.6,20.13,vinyl_pvc
DLP18M,pvc mini lattice panel 1 x 8 w,Non-stock item,30.45,11.25,section_panel
DLP48,DIAGONAL LATTICE PANEL 4 x 8 P,Non-stock item,146.4,80.52,section_panel
DLP48A,DURA LATTICE PANEL 4 x 8 ALM,Non-stock item,161.04,88.57,section_panel
DLP48G,DURA LATTICE PANEL 4 x 8 GRAY,Non-stock item,161.04,88.57,section_panel
DLP48M,pvc mini lattice panel 4 x 8 w,Non-stock item,81.82,45.0,section_panel
DML9LP75,Diablo dml-9-lp probe kit with,Non-stock item,172.38,112.05,post
DNT00026,LINEAR TRANS DNT00026,Non-stock item,30.77,20.0,other
DOR46C,4 x 6 Doria Comm Alum 3/4 x 3/,Non-stock item,231.48,125.0,aluminum
DOR48C,4 x 8 Doria Comm Alum 3/4 x 3/,Non-stock item,231.48,125.0,aluminum
DOR4A,4 x 8 Doria areo alum 1 x 5/8,Non-stock item,0.0,0.0,aluminum
DOR4R,4 x 6 Doria resi. Alum 5/8 4in,Non-stock item,159.26,86.0,aluminum
DOR546CG,54 x 6 Doria Guardian Comm Alu,Non-stock item,231.48,125.0,aluminum
DOR548CG,54 x 8 Doria Guardian Comm Alu,Non-stock item,277.78,150.0,aluminum
DOR54AG,54 x 8 Areo Guard 1 x 5/8 4in,Non-stock item,0.0,0.0,aluminum
DOR54R,54X6 Doria resi guard. alumn 5,Non-stock item,215.33,116.28,aluminum
DOR56C,5 x 6 Doria Comm Alum 3/4 x 3/,Non-stock item,203.7,110.0,aluminum
DOR58C,5 x 8 Doria Comm Alum 3/4 x 3/,Non-stock item,277.78,150.0,aluminum
DOR5A,5 x 8 Doria areo alum 1 x 5/8,Non-stock item,0.0,0.0,aluminum
DOR5R,5 x 6 Doria resi. Alum 5/8 4in,Non-stock item,215.33,116.28,aluminum
DOR66C,6 x 6 Doria Comm Alum 3/4 x 3/,Non-stock item,162.96,88.0,aluminum
DOR68C,6 x 8 Doria Comm Alum 3/4 x 3/,Non-stock item,216.67,117.0,aluminum
DOR6A,6 x 8 Doria areo alum 1 x 5/8,Non-stock item,0.0,0.0,aluminum
DOR6R,6 x 6 Doria resi. Alum 5/8 4in,Non-stock item,243.7,131.6,aluminum
DOVMB,Dover mail box post only,Non-stock item,240.47,132.26,post
DP58,CAPLUG 5/8 PVC WHITE,Non-stock item,3.0,0.15,vinyl_pvc
DPC200,2 x 2 ALUM POST CAP,Non-stock item,7.2,2.52,post
DPC250,2-1/2 x 2-1/2 ALUM POST CAP,Non-stock item,7.54,2.64,post
DPC400,4 x 4 ALUM POST CAP,Non-stock item,16.0,5.6,post
DPC600,6 x 6 ALUM POST CAP,Non-stock item,45.14,15.8,post
DPEP,DECK PLANK END PLUG,Non-stock item,0.0,0.0,other
DPF44,4 x 4 low profile deco post fl,Non-stock item,6.2,1.86,post
DPRG42,2 RAIL DIA. P&R GATE  4' WIDE,Non-stock item,192.82,96.41,gate
DPRG43,3 RAIL DIA. P&R GATE  4' WIDE,Non-stock item,235.1,117.55,gate
DPRG44,4 RAIL DIA. P&R GATE  4' WIDE,Non-stock item,274.04,137.02,gate
DPRG62,2 RAIL DIA. P&R GATE  6' WIDE,Non-stock item,219.3,109.65,gate
DPRG63,3 RAIL DIA. P&R GATE  6' WIDE,Non-stock item,264.44,132.22,gate
DPRG64,4 RAIL DIA. P&R GATE  6' WIDE,Non-stock item,310.4,155.2,gate
DPRG82,2 RAIL DIA. P&R GATE  8' WIDE,Non-stock item,245.78,122.89,gate
DPRG83,3 RAIL DIA. P&R GATE  8' WIDE,Non-stock item,296.28,148.14,gate
DPRG84,4 RAIL DIA. P&R GATE  8' WIDE,Non-stock item,350.16,175.08,gate
DR,40 x 5/8 RESIDENTIAL DROP ROD,Non-stock item,11.73,5.28,gate
DR36,"36 x 1/2"""" resi drop bar",Non-stock item,11.73,5.28,other
DRAWF,Jerith 1x1 adjustable wall fla,Non-stock item,3.62,1.99,aluminum
DRBF200,Jerith alum base flange 2 in,Non-stock item,0.0,0.0,aluminum
DRF100,comm royal finial alum 3/4 pkt,Non-stock item,0.0,0.0,aluminum
DRF158,areo royal finial alum,Non-stock item,0.0,0.0,aluminum
DRF58,Jerith 5/8 resi royal finial a,Non-stock item,0.0,0.0,aluminum
DRG43,4 x 3 resi. alum gate 5/8 pkt,Non-stock item,352.73,194.0,gate
DRG432,4 x 3 resi. alum gate 5/8 pkt,Non-stock item,0.0,0.0,gate
DRG43A,4 x 3 Resi. Arched alum gates,Non-stock item,424.09,233.25,aluminum
DRG43AF,4 x 3 Resi. Arched gates w/fin,Non-stock item,0.0,0.0,other
DRG44,4 x 4 resi alum gate 5/8 pkt,Non-stock item,723.64,398.0,gate
DRG442,4 x 4 resi alum gate 5/8 pkt,Non-stock item,0.0,0.0,gate
DRG44A,4 x 4 Resi. Arched alum gates,Non-stock item,469.09,258.0,aluminum
DRG44AF,4 x 4 Resi. Arched gates w/fin,Non-stock item,0.0,0.0,other
DRG45,4 x 5 resi alum gate 5/8 pkt 4,Non-stock item,373.64,205.5,gate
DRG452,4 x 5 resi alum gate 5/8 pkt 2,Non-stock item,0.0,0.0,gate
DRG45A,4 x 5 Resi. Arched alum gates,Non-stock item,529.09,291.0,aluminum
DRG45AF,4 x 5 Resi. Arched gates w/fin,Non-stock item,0.0,0.0,other
DRG46,4 x 6 resi alum gate 5/8 pkt 4,Non-stock item,403.64,222.0,gate
DRG462,4 x 6 resi alum gate 5/8 pkt 2,Non-stock item,0.0,0.0,gate
DRG46A,4 x 6 Resi. Arched alum gates,Non-stock item,0.0,0.0,aluminum
DRG46AF,4 x 6 Resi. Arched gates w/fin,Non-stock item,0.0,0.0,other
DRG53,5 x 3 resi. alum gate 5/8 pkt,Non-stock item,369.96,203.48,gate
DRG532,5 x 3 resi. alum gate 5/8 pkt,Non-stock item,0.0,0.0,gate
DRG53A,5 x 3 Resi. Arched alum gates,Non-stock item,450.0,247.5,aluminum
DRG53AF,5 x 3 Resi. Arched gates w/fin,Non-stock item,0.0,0.0,other
DRG54,5 x 4 resi alum gate 5/8 pkt 4,Non-stock item,369.96,203.48,gate
DRG542,5 x 4 resi alum gate 5/8 pkt 2,Non-stock item,0.0,0.0,gate
DRG543A,54 x 3 Resi. Arched alum gates,Non-stock item,499.09,274.5,aluminum
DRG543AF,54 x 3 Resi. Arched gates w/fi,Non-stock item,0.0,0.0,other
DRG544A,54 x 4 Resi. Arched alum gates,Non-stock item,544.09,299.25,aluminum
DRG544AF,54 x 4 Resi. Arched gates w/fi,Non-stock item,0.0,0.0,other
DRG545A,54 x 5 Resi. Arched alum gates,Non-stock item,606.82,333.75,aluminum
DRG545AF,54 x 5 Resi. Arched gates w/fi,Non-stock item,0.0,0.0,other
DRG546A,54 x 6 Resi. Arched alum gates,Non-stock item,0.0,0.0,aluminum
DRG546AF,54 x 6 Resi. Arched gates w/fi,Non-stock item,0.0,0.0,other
DRG54A,5 x 4 Resi. Arched alum gates,Non-stock item,493.64,271.5,aluminum
DRG54AF,5 x 4 Resi. Arched gates w/fin,Non-stock item,0.0,0.0,other
DRG55,5 x 5 resi alum gate 5/8 pkt 4,Non-stock item,396.82,218.25,gate
DRG552,5 x 5 resi alum gate 5/8 pkt 2,Non-stock item,0.0,0.0,gate
DRG55A,5 x 5 Resi. Arched alum gates,Non-stock item,557.73,306.75,aluminum
DRG55AF,5 x 5 Resi. Arched gates w/fin,Non-stock item,0.0,0.0,other
DRG56,5 x 6 resi alum gate 5/8 pkt 4,Non-stock item,425.45,234.0,gate
DRG562,5 x 6 resi alum gate 5/8 pkt 2,Non-stock item,0.0,0.0,gate
DRG56A,5 x 6 Resi. Arched alum gates,Non-stock item,0.0,0.0,aluminum
DRG56AF,5 x 6 Resi. Arched gates w/fin,Non-stock item,0.0,0.0,other
DRG63,6 x 3 resi alum gate 5/8 pkt 4,Non-stock item,406.36,223.5,gate
DRG632,6 x 3 resi alum gate 5/8 pkt 2,Non-stock item,0.0,0.0,gate
DRG63A,6 x 3 Resi. Arched alum gates,Non-stock item,471.82,259.5,aluminum
DRG63AF,6 x 3 Resi. Arched gates w/fin,Non-stock item,0.0,0.0,other
DRG64,6 x 4 resi alum gate 5/8 pkt 4,Non-stock item,440.45,242.25,gate
DRG642,6 x 4 resi alum gate 5/8 pkt 2,Non-stock item,0.0,0.0,gate
DRG64A,6 x 4 Resi. Arched alum gates,Non-stock item,525.0,288.75,aluminum
DRG64AF,6 x 4 Resi. Arched gates w/fin,Non-stock item,0.0,0.0,other
DRG65,6 x 5 resi alum gate 5/8 pkt 4,Non-stock item,480.0,264.0,gate
DRG652,6 x 5 resi alum gate 5/8 pkt 2,Non-stock item,0.0,0.0,gate
DRG65A,6 x 5 Resi. Arched alum gates,Non-stock item,572.73,315.0,aluminum
DRG65AF,6 x 5 Resi. Arched gates w/fin,Non-stock item,0.0,0.0,other
DRG66,6 x 6 resi alum gate 5/8 pkt 4,Non-stock item,523.64,288.0,gate
DRG662,6 x 6 resi alum gate 5/8 pkt 2,Non-stock item,0.0,0.0,gate
DRG66A,6 x 6 Resi. Arched alum gates,Non-stock item,0.0,0.0,aluminum
DRG66AF,6 x 6 Resi. Arched gates w/fin,Non-stock item,0.0,0.0,other
DRSWF,Jerith 1x1 stationary wall fla,Non-stock item,2.73,1.5,aluminum
DSCH,alum hinge s closing,Non-stock item,0.0,0.0,gate
dsp10-117-ca,diablo low power 117 volt w/in,Non-stock item,84.62,55.0,other
dsp10lv-ca,diablo low power 10-30 volt du,Non-stock item,84.62,55.0,other
DSP22S-1,Diablo 18 VDC Single Channel R,Non-stock item,96.12,62.48,other
DSP22S-2,Diablo 18 VDC Dual Channel Rea,Non-stock item,151.85,98.7,other
DSP50-IL,PLUG IN DETECTOR W/SETTINGS,Non-stock item,76.92,50.0,other
dsp7lp-ca,diablo low power 10-30 volt si,Non-stock item,76.85,49.95,other
DSSH3,Delgard s.s hinge bag of three,Non-stock item,0.0,0.0,gate
DTECKULTRA,DTECK ULTRA LOOP DETECTOR plug,Non-stock item,102.31,66.5,other
DTF100,comm triad finial alum 3/4 pkt,Non-stock item,0.0,0.0,aluminum
DTF158,areo triad finial alum,Non-stock item,0.0,0.0,aluminum
DTF58,resi triad finial alum,Non-stock item,0.0,0.0,aluminum
DTT10,stamped turn buckle eye to eye,Non-stock item,43.0,12.9,other
EB430,400 LB END BRACKET,Non-stock item,38.68,15.47,other
EC138138,1-3/8 x 1-3/8 END CLAMP W/BOLT,Non-stock item,15.53,2.33,other
EC138158,1-3/8 x 1-5/8 END CLAMP W/BOLT,Non-stock item,14.6,2.19,other
EC158158,1-5/8 x 1-5/8 END CLAMP W/BOLT,Non-stock item,13.67,2.05,other
EC2138,2 x 1-3/8 END CLAMP W/BOLT,Non-stock item,12.2,1.83,other
EC2158,2 x 1-5/8 END CLAMP W/BOLT,Non-stock item,12.13,1.82,other
EC25138,2-1/2 x 1-3/8 END CLAMP W/BOLT,Non-stock item,20.4,3.06,other
EC25158,2-1/2 x 1-5/8 END CLAMP W/BOLT,Non-stock item,20.87,3.13,other
EC3158,3 x 1-5/8 END CLAMP W/BOLT,Non-stock item,20.93,3.14,other
EC35158H,Heavy end clamp 3-1/2x1-5/8,Non-stock item,42.0,23.1,other
EC4158,4 x 1-5/8 END CLAMP W/BOLT,Non-stock item,27.2,4.08,other
EC4158H,"Heavy end clamp 4""""x1-5/8""""",Non-stock item,36.42,20.03,other
ECA35,ECONO ARBOR 42IN,Non-stock item,0.0,0.0,other
EL10,10' FOREVER GREEN,Non-stock item,482.76,280.0,other
EL12,12' FOREVER GREEN,Non-stock item,558.62,324.0,other
EL3,3' FOREVER GREEN,Non-stock item,176.91,102.61,other
EL4,4' FOREVER GREEN,Non-stock item,181.4,105.21,other
EL5,5' FOREVER GREEN,Non-stock item,216.4,125.51,other
EL6,6' FOREVER GREEN,Non-stock item,221.17,128.28,other
EL7,7' FOREVER GREEN,Non-stock item,296.53,171.99,other
EL8,8' FOREVER GREEN,Non-stock item,323.28,187.5,other
ELB46C,4 x 6 Elba Comm Alum 3/4 x 3/4,Non-stock item,231.48,125.0,aluminum
ELB48C,4 x 8 Elba Comm Alum 3/4 x 3/4,Non-stock item,231.48,125.0,aluminum
ELB4A,4 x 8 elba areo alum 1 x 5/8 p,Non-stock item,0.0,0.0,aluminum
ELB4R,4 x 6 Elba resi. Alum 5/8 4in,Non-stock item,159.26,86.0,aluminum
ELB546CG,54 x 6 Elba Guardian Comm Alum,Non-stock item,231.48,125.0,aluminum
ELB548CG,54 x 8 Elba Guardian Comm Alum,Non-stock item,277.78,150.0,aluminum
ELB54AG,54 x 8 Areo guard 2 rail 1 x 5,Non-stock item,0.0,0.0,aluminum
ELB54R,54X6 Elba resi guard. alumn 5/,Non-stock item,215.33,116.28,aluminum
ELB56C,5 x 6 Elba Comm Alum 3/4 x 3/4,Non-stock item,203.7,110.0,aluminum
ELB58C,5 x 8 Elba Comm Alum 3/4 x 3/4,Non-stock item,277.78,150.0,aluminum
ELB5A,5 x 8 elba areo alum 1 x 5/8 p,Non-stock item,0.0,0.0,aluminum
ELB5R,5 x 6 Elba resi. Alum 5/8 4in,Non-stock item,215.33,116.28,aluminum
ELB66C,6 x 6 Elba Comm Alum 3/4 x 3/4,Non-stock item,162.96,88.0,aluminum
ELB68C,6 x 8 Elba Comm Alum 3/4 x 3/4,Non-stock item,216.67,117.0,aluminum
ELB6A,6 x 8 elba areo alum 1 x 5/8 p,Non-stock item,0.0,0.0,aluminum
ELB6R,5 x 6 Elba resi. Alum 5/8 4in,Non-stock item,243.7,131.6,aluminum
ELWD4,4' ELWOOD CUSTOM WOOD FENCE,Non-stock item,288.71,202.1,section_panel
ELWD5,5' ELWOOD CUSTOM WOOD FENCE,Non-stock item,288.71,202.1,section_panel
ELWD6,6' ELWOOD CUSTOM WOOD FENCE,Non-stock item,288.71,202.1,section_panel
EMX-P44,Photocell with Battery powered,Non-stock item,140.0,91.0,other
EMXUL325,EMX IRB THROUGHBEAM UL 325 COD,Non-stock item,346.15,225.0,other
EP1750,END PLUG 1-3/4 x 3-1/2 PVC,Non-stock item,3.75,0.3,vinyl_pvc
EP235,END PLUG INTERNAL 2 x 3 1/2 PV,Non-stock item,2.05,0.45,other
EP26,END PLUG INTERNAL 2 x 6 PVC,Non-stock item,2.18,0.48,vinyl_pvc
EWTS200,WOOD TO STEEL - END - 2in,Non-stock item,6.8,2.72,wood
EWTS250,WOOD TO STEEL - END - 2-1/2in,Non-stock item,7.6,3.04,wood
EWTS300,3 in END WOOD TO STEEL,Non-stock item,8.0,3.2,wood
exclean,Extreme cleaner,Non-stock item,16.05,10.43,other
EXET46,EXETER 4 x 6 SECTION,Non-stock item,173.64,95.5,section_panel
EXET56,EXETER 5 x 6 SECTION,Non-stock item,184.35,101.39,section_panel
EXET66,EXETER 6 x 6 SECTION,Non-stock item,195.18,107.35,section_panel
EXETG43,EXETER GATE 4 x 3 OPEN,Non-stock item,230.66,115.33,gate
EXETG44,EXETER GATE 4 x 4 OPEN,Non-stock item,250.0,125.0,gate
EXETG45,EXETER GATE 4 x 5 OPEN,Non-stock item,272.0,136.0,gate
EXETG53,EXETER GATE 5 x 3 OPEN,Non-stock item,244.0,122.0,gate
EXETG54,EXETER GATE 5 x 4 OPEN,Non-stock item,262.0,131.0,gate
EXETG55,EXETER GATE 5 x 5 OPEN,Non-stock item,290.0,145.0,gate
EXETG63,EXETER GATE 6 x 3 OPEN,Non-stock item,260.0,130.0,gate
EXETG64,EXETER GATE 6 x 4 OPEN,Non-stock item,280.0,140.0,gate
EXETG65,EXETER GATE 6 x 5 OPEN,Non-stock item,308.0,154.0,gate
EZTRACK,Alum internal track 30' 6 In #,Non-stock item,813.95,350.0,aluminum
FAIRFIELD,Fairfield II arbor,Non-stock item,857.73,471.75,other
FCU,FINANCE CHARGES,Non-stock item,0.0,0.0,labor_charge
FENCESERT,FENCESERT DECORATIVE ALUMINUM,Non-stock item,225.46,159.99,aluminum
finance charge,,Non-stock item,0.0,0.0,labor_charge
FJ248C,2 x 4 x 8 CEDAR FINGER JOINTED,Non-stock item,17.34,8.67,wood
FL130B,BFT PHOTO CELL SMALL BLACK NON,Non-stock item,104.62,68.0,other
FL138,PRESSED STEEL GATE FORK 1-3/8,Non-stock item,9.05,1.81,gate
FL158,P/S GATE FORK 1-5/8,Non-stock item,9.15,1.83,gate
FL200,PRESSED STEEL GATE FORK 2 in.,Non-stock item,8.0,1.6,gate
FL250,PRESSED STEEL GATE FORK 2-1/2,Non-stock item,9.35,1.87,gate
FL300,PRESSED STEEL GATE FORK 3 in.,Non-stock item,11.6,2.32,gate
FL400,PRESSED STEEL GATE FORK 4 in.,Non-stock item,13.4,2.68,gate
FLAT3,3 FLATBUSH CUSTOM WOOD,Non-stock item,126.8,88.76,section_panel
FLAT35,42 in FLATBUSH CUSTOM WOOD,Non-stock item,138.0,96.6,section_panel
FLAT4,4 FLATBUSH CUSTOM WOOD,Non-stock item,138.0,96.6,section_panel
FLC138,1-3/8 x 1-3/8 FORK LATCH COMPL,Non-stock item,23.55,4.71,gate
FLC152,2 x 1-5/8 FORK LATCH COMPLETE,Non-stock item,20.3,4.06,gate
FLC1525,2-1/2 x 1-5/8 FORK LATCH COMPL,Non-stock item,21.65,4.33,gate
FLC158,1-5/8 x 1-3/8 FORK LATCH COMPL,Non-stock item,21.45,4.29,gate
FLC200,2 x 1-3/8 FORK LATCH COMPLETE,Non-stock item,22.5,4.5,gate
FLC250,2-1/2 x 1-3/8 FORK LATCH COMPL,Non-stock item,23.85,4.77,gate
FP325,FENCE POST 3-1/4 x 3-1/4 PVC,Non-stock item,2.87,1.58,post
FP325A,FENCE POST 3-1/4 x 3-1/4 PVC A,Non-stock item,3.16,1.74,post
FP325G,FENCE POST 3-1/4 x 3-1/4 PVC G,Non-stock item,3.16,1.74,post
FP350,FENCE POST 3-1/2 x 3-1/2 PVC .,Non-stock item,3.42,1.88,post
FP350A,FENCE POST 3-1/2 x 3-1/2 PVC A,Non-stock item,3.76,2.07,post
FP350G,FENCE POST 3-1/2 x 3-1/2 PVC G,Non-stock item,3.76,2.07,post
FP44,FENCE POST 4 x 4 PVC .165,Non-stock item,4.45,2.45,post
FP44A,FENCE POST 4 x 4 PVC ALM,Non-stock item,4.9,2.7,post
FP44G,FENCE POST 4 x 4 PVC GRAY,Non-stock item,4.9,2.7,post
FP55,5 x 5 FENCE POST PVC,Non-stock item,4.02,2.21,post
FP55A,5 x 5 FENCE POST PVC almond co,Non-stock item,4.42,2.43,post
FP55AD,5 x 5 FENCE POST PVC adobe col,Non-stock item,4.62,2.54,post
FP55G,5 x 5 FENCE POST PVC gray colo,Non-stock item,4.42,2.43,post
FP55H,5 x 5 HEAVY FENCE POST PVC whi,Non-stock item,6.49,3.57,post
FP55HA,5 x 5 HEAVY FENCE POST PVC alm,Non-stock item,7.14,3.93,post
FP55HAD,5 x 5 HEAVY FENCE POST PVC ado,Non-stock item,0.0,4.11,post
FP55HG,5 x 5 HEAVY FENCE POST PVC GRA,Non-stock item,7.14,3.93,post
FP55X,5X5 Fence Post Pvc co-x,Non-stock item,3.91,2.15,post
FREIGHT,FREIGHT,Charge item,0.0,,labor_charge
FT13,#13 Fence ties Bag 9ga x 6-1/2,Non-stock item,17.93,5.38,other
FT14,9ga. X 14in straight fence tie,Non-stock item,46.27,13.88,other
FT146,6ga. X 14in straight fence tie,Non-stock item,37.5,11.25,other
FT16,#16 Fence Ties bag 9ga x 8-1/4,Non-stock item,20.4,6.12,other
FT23,#23 Fence Ties Bag 6ga x 6-1/2,Non-stock item,32.17,9.65,other
FT26,#26 Fence Ties Bag 6ga x 8-1/4,Non-stock item,41.07,12.32,other
FW100,100' ROLL FENCE WEAVE,Non-stock item,0.0,0.0,other
FW250,250' ROLL FENCE WEAVE,Non-stock item,94.5,47.25,other
G138106,"1-3/8  x 10'6"""" SS15 PIPE GALV",Non-stock item,19.51,8.59,chain_link
G13821,1-3/8  x 21 SS15 PIPE GALV. .0,Non-stock item,34.71,17.01,chain_link
G138F,1-3/8 CUT SS15 .072 - PER FT,Non-stock item,1.84,0.81,other
G158106,"1-5/8 x 10'6"""" SS15 PIPE GALV.",Non-stock item,24.81,10.92,chain_link
G15821,1-5/8 x 21 SS15 PIPE GALV. .07,Non-stock item,44.14,21.63,chain_link
G15824,1-5/8 x 24 SS15 PIPE GALV. .07,Non-stock item,50.45,24.72,chain_link
G1586,1-5/8 x 6 SS15 PIPE GALV. .074,Non-stock item,14.05,6.18,chain_link
G1587,1-5/8 x 7 SS15 PIPE GALV. .074,Non-stock item,16.39,7.21,chain_link
G1588,1-5/8 x 8 SS15 PIPE GALV. .074,Non-stock item,18.73,8.24,chain_link
G158F,1-5/8 CUT SS15 .074 - PER FT,Non-stock item,2.34,1.03,other
G2106,"2 x 10'6"""" SS15 PIPE GALV. .07",Non-stock item,29.11,12.81,chain_link
G221,2 x 21 SS15 PIPE GALV. .074,Non-stock item,52.29,25.62,chain_link
G224,2 x 24 SS15 PIPE GALV. .074,Non-stock item,59.76,29.28,chain_link
G25106,2-1/2 x 10' 6  SS15 PIPE GALV.,Non-stock item,34.6,15.23,chain_link
G2512,2-1/2 x 12'  SS15 PIPE GALV. .,Non-stock item,39.55,17.4,chain_link
G2521,2-1/2  x  21' SS15 GALV. PIPE,Non-stock item,62.14,30.45,chain_link
G2524,2-1/2  x  24' SS15 GALV. PIPE,Non-stock item,71.02,34.8,chain_link
G256,2-1/2 x 6  SS15 PIPE GALV. .07,Non-stock item,19.77,8.7,chain_link
G257,2-1/2 x 7  SS15 PIPE GALV. .07,Non-stock item,23.07,10.15,chain_link
G258,2-1/2 x 8  SS15 PIPE GALV. .07,Non-stock item,26.36,11.6,chain_link
G25F,2-1/2 CUT SS15 .076 - PER FT,Non-stock item,3.3,1.45,other
G26,2 x 6 SS15 PIPE GALV. .074,Non-stock item,16.64,7.32,chain_link
G27,2 x 7 SS15 PIPE GALV. .074,Non-stock item,19.41,8.54,chain_link
G28,2 x 8 SS15 PIPE GALV. .074,Non-stock item,22.18,9.76,chain_link
G2F,2 in. CUT SS15 .072 - PER FT,Non-stock item,2.77,1.22,other
GA400,4 in GUIDE ASSEMBLY FOR OVERHE,Non-stock item,63.64,35.0,other
GA658,6-5/8 in GUIDE ASSEMBLY FOR OV,Non-stock item,120.73,66.4,other
GAL19SQ,1X9 GA. GALV WIRE PER FOOT,Non-stock item,4.68,1.87,chain_link
GAL2116,6' 2-3/8  x  11-1/2ga. MESH,Non-stock item,4.56,2.28,chain_link
GAL2610,Galvanized Wire Per Foot 2  x,Non-stock item,32.65,16.0,chain_link
GAL2612,Galvanized Wire Per Foot 2  x,Non-stock item,39.18,19.2,chain_link
GAL264,Galvanized Wire Per Foot 2  x,Non-stock item,13.06,6.4,chain_link
GAL265,Galvanized Wire Per Foot 2  x,Non-stock item,16.33,8.0,chain_link
GAL266,Galvanized Wire Per Foot 2 x 6,Non-stock item,19.59,9.6,chain_link
GAL268,Galvanized Wire Per Foot 2 x 6,Non-stock item,26.12,12.8,chain_link
GAL2910,Galvanized Wire Per Foot 2 x 9,Non-stock item,18.0,7.2,chain_link
GAL291050,Galvanized Wire 2 x 9ga. x 10,Non-stock item,631.58,360.0,chain_link
GAL2912,Galvanized Wire Per Foot 2 x 9,Non-stock item,21.6,8.64,chain_link
GAL291250,Galvanized Wire 2 x 9ga. x 12,Non-stock item,757.89,432.0,chain_link
GAL293,Galvanized Wire Per Foot 2 x 9,Non-stock item,5.4,2.16,chain_link
GAL2935,Galvanized Wire Per Foot 2 x 9,Non-stock item,6.3,2.52,chain_link
GAL29350,Galvanized Wire 2  x  9ga.  x,Non-stock item,189.47,108.0,chain_link
GAL293550,Galvanized Wire  2 x 9ga. x 3-,Non-stock item,221.05,126.0,chain_link
GAL294,Galvanized Wire Per Foot 2 x 9,Non-stock item,7.2,2.88,chain_link
GAL29450,Galvanized Wire 2 x 9ga. x 4 x,Non-stock item,252.63,144.0,chain_link
GAL295,Galvanized Wire Per Foot 2 x 9,Non-stock item,9.0,3.6,chain_link
GAL29550,Galvanized Wire 2 x 9ga. x 5 x,Non-stock item,315.79,180.0,chain_link
GAL296,Galvanized Wire Per Foot 2 x 9,Non-stock item,10.8,4.32,chain_link
GAL29650,Galvanized Wire 2 x 9ga. x 6 x,Non-stock item,378.95,216.0,chain_link
GAL297,Galvanized Wire Per Foot 2 x 9,Non-stock item,12.6,5.04,chain_link
GAL29750,Galvanized Wire 2 x 9ga. x 7 x,Non-stock item,442.11,252.0,chain_link
GAL298,Galvanized Wire Per Foot 2 x 9,Non-stock item,14.4,5.76,chain_link
GAL29850,Galvanized Wire 2 x 9ga. x 8 x,Non-stock item,505.26,288.0,chain_link
GAL29SQ,2X9 GA. GALV WIRE PER FOOT,Non-stock item,1.8,0.72,chain_link
galvpost10,galvanized sign post 10' used,Non-stock item,34.29,24.0,post
galvpost3,galvanized sign post 3' used w,Non-stock item,12.36,8.65,post
GATE LATCH,,Non-stock item,0.0,0.0,gate
GC138,1-3/8 GATE CLIP,Non-stock item,0.96,0.43,gate
GCT,GATE CLIP TOOL,Non-stock item,44.1,22.05,gate
GEO34,GEORGETOWN 3 x 4 SECTION,Non-stock item,102.51,56.38,section_panel
GEO354,GEORGETOWN 42 x 4 SECTION,Non-stock item,112.78,62.03,section_panel
GEO356,GEORGETOWN 42 x 6 SECTION,Non-stock item,173.89,95.64,section_panel
GEO36,GEORGETOWN 3 x 6 SECTION,Non-stock item,157.71,86.74,section_panel
GEO44,GEORGETOWN 4 x 4 SECTION,Non-stock item,112.8,62.04,section_panel
GEO46,GEORGETOWN 4 x 6 SECTION,Non-stock item,173.95,95.67,section_panel
GEOG33,GEORGETOWN GATE 3 x 3 OPEN,Non-stock item,168.22,84.11,gate
GEOG34,GEORGETOWN GATE 3 x 4 OPEN,Non-stock item,193.12,96.56,gate
GEOG35,GEORGETOWN GATE 3 x 5 OPEN,Non-stock item,218.0,109.0,gate
GEOG353,GEORGETOWN GATE 42 x 3 OPEN,Non-stock item,179.2,89.6,gate
GEOG354,GEORGETOWN GATE 42 x 4 OPEN,Non-stock item,205.38,102.69,gate
GEOG355,GEORGETOWN GATE 42 x 5 OPEN,Non-stock item,233.5,116.75,gate
GEOG43,GEORGETOWN GATE 4 x 3 OPEN,Non-stock item,181.76,90.88,gate
GEOG44,GEORGETOWN GATE 4 x 4 OPEN,Non-stock item,207.94,103.97,gate
GEOG45,GEORGETOWN GATE 4 x 5 OPEN,Non-stock item,236.06,118.03,gate
GG10D,10' chainlink fence complete w,Non-stock item,26.1,10.45,chain_link
GG12D,12' chainlink fence complete w,Non-stock item,30.79,12.36,chain_link
GG4A,4' chainlink fence complete wi,Non-stock item,12.93,5.21,chain_link
GG4B,4' chainlink fence complete wi,Non-stock item,13.16,5.33,chain_link
GG4C,4' chainlink fence complete wi,Non-stock item,12.18,4.9,chain_link
GG4D,4' chainlink fence complete wi,Non-stock item,12.75,5.01,chain_link
GG5A,5' chainlink fence complete wi,Non-stock item,14.99,6.04,chain_link
GG5B,5' chainlink fence complete wi,Non-stock item,15.27,6.18,chain_link
GG5C,5' chainlink fence complete wi,Non-stock item,14.66,5.82,chain_link
GG5D,5' chainlink fence complete wi,Non-stock item,15.29,6.05,chain_link
GG6A,6' chainlink fence complete wi,Non-stock item,17.05,6.88,chain_link
GG6B,6' chainlink fence complete wi,Non-stock item,17.37,7.03,chain_link
GG6C,6' chainlink fence complete wi,Non-stock item,16.77,6.68,chain_link
GG6D,6' chainlink fence complete wi,Non-stock item,17.45,6.93,chain_link
GG7D,7' chainlink fence complete wi,Non-stock item,20.16,8.05,chain_link
GG8D,8' chainlink fence complete wi,Non-stock item,21.96,8.77,chain_link
GH200,GRAVITY HINGE 2 in,Non-stock item,30.65,12.26,gate
GH250,GRAVITY HINGE 2-1/2 in,Non-stock item,30.65,12.26,gate
GHB,MALLAEBLE GATE HOLD BACK,Non-stock item,19.05,11.43,gate
GL10,HARVEY GATE LATCH with bands,Non-stock item,17.0,8.5,gate
GL104,#104 W/CORD UNIVERSAL GATE LAT,Non-stock item,10.63,4.25,gate
GL114,DELUX UNIVERSAL WOOD GATE LATC,Non-stock item,14.98,5.99,gate
GL231,231 H. DUTY GATE LATCH,Non-stock item,18.88,7.55,gate
GLASS3,"42"""" High x 36"""" Glass Railing",Non-stock item,317.0,118.5,other
GLASS4,"42"""" High x 48"""" Glass Railing",Non-stock item,385.26,152.63,other
GLASS5,"42"""" High x 60"""" Glass Railing",Non-stock item,429.2,174.6,other
GLASS6,"42"""" High x 72"""" Glass Railing",Non-stock item,465.04,192.52,other
GLIDER,GLIDER,Non-stock item,718.18,395.0,other
GLUE,GLUE CAPS,Non-stock item,0.72,0.36,other
GMATE,gate mate gate latch zinc,Non-stock item,0.0,0.0,gate
GOLDBAR,Gold breakaway bar with screws,Non-stock item,10.5,7.35,other
GOOSE,"DIRECT BURIAL GOOSE NECK 2"""" S",Non-stock item,111.38,72.4,other
GR126,GUARDRAIL 12'6 x 12 GA,Non-stock item,246.86,125.9,other
GRB15,1-1/2 x 5/8 guardrail bolt wit,Non-stock item,3.82,1.95,other
GRB2,2 x 5/8 guardrail bolt with nu,Non-stock item,4.9,2.5,other
GRBUFF,guard rail 12ga small buffer t,Non-stock item,162.35,82.8,other
GRF,GUARD RAIL FLAIR END,Non-stock item,124.24,63.36,other
GRFWR,FULL ROUND FLAIR DOUBLE WRAP,Non-stock item,162.16,82.7,other
GRN58,5/8 GUARDRAIL NUT ONLY,Non-stock item,1.88,0.96,other
GRWASH,WASHERS FOR GUARD RAIL,Non-stock item,2.45,1.25,other
GRWR,GUARD RAIL FULL WRAP,Non-stock item,155.29,79.2,other
GS158,GALV. DRY WALL SCREW 1-5/8 IN.,Non-stock item,4.42,2.21,chain_link
GS18,H.D. 18 in. GATE SCROLL,Non-stock item,6.91,3.11,gate
GS24,H.D. 24 in. GATE SCROLL,Non-stock item,14.44,6.5,gate
GS250,GALV. DRY WALL SCREW 2-1/2 in.,Non-stock item,3.0,1.5,chain_link
GS300,GALV. DRY WALL SCREW 3 in.,Non-stock item,5.0,1.5,chain_link
GS350,GALV. DRY WALL SCREW 3-1/2 IN.,Non-stock item,7.37,2.21,chain_link
GV10D,10' chainlink fence complete w,Non-stock item,21.85,8.75,chain_link
GV12D,12' chainlink fence complete w,Non-stock item,25.69,10.32,chain_link
GV4A,4' chainlink fence complete wi,Non-stock item,11.23,4.53,chain_link
GV4B,4' chainlink fence complete wi,Non-stock item,11.46,4.65,chain_link
GV4C,4' chainlink fence complete wi,Non-stock item,10.48,4.22,chain_link
GV4D,4' chainlink fence complete wi,Non-stock item,11.05,4.33,chain_link
GV5A,5' chainlink fence complete wi,Non-stock item,12.86,5.19,chain_link
GV5B,5' chainlink fence complete wi,Non-stock item,13.14,5.33,chain_link
GV5C,5' chainlink fence complete wi,Non-stock item,12.54,4.97,chain_link
GV5D,5' chainlink fence complete wi,Non-stock item,13.16,5.2,chain_link
GV6A,6' chainlink fence complete wi,Non-stock item,14.5,5.86,chain_link
GV6B,6' chainlink fence complete wi,Non-stock item,14.82,6.01,chain_link
GV6C,6' chainlink fence complete wi,Non-stock item,14.22,5.66,chain_link
GV6D,6' chainlink fence complete wi,Non-stock item,14.9,5.91,chain_link
GV7D,7' chainlink fence complete wi,Non-stock item,17.18,6.86,chain_link
GV8D,8' chainlink fence complete wi,Non-stock item,18.56,7.41,chain_link
GW4,4 in GRINDING WHEEL,Non-stock item,0.0,0.0,other
GW7,7 in GRINDING WHEEL,Non-stock item,0.0,0.0,other
GWG43,4 x 36 WALK GATE GALV. F/O,Non-stock item,101.15,14.45,gate
GWG43S,4 x 36 WALK GATE GALV. STRUNG,Non-stock item,234.43,33.49,gate
GWG44,4 x 48 WALK GATE GALV. F/O,Non-stock item,112.49,16.07,gate
GWG442,4 x 42 WALK GATE GALV. F/O,Non-stock item,106.82,15.26,gate
GWG442S,4 x 42 WALK GATE GALV. STRUNG,Non-stock item,250.18,35.74,gate
GWG44S,4 x 48 WALK GATE GALV. STRUNG,Non-stock item,265.93,37.99,gate
GWG53,5 x 36 WALK GATE GALV. F/O,Non-stock item,107.73,15.39,gate
GWG53S,5 x 36 WALK GATE GALV. STRUNG,Non-stock item,274.61,39.23,gate
GWG54,5 x 48 WALK GATE GALV. F/O,Non-stock item,124.74,17.82,gate
GWG542,5 x 42 WALK GATE GALV. F/O,Non-stock item,116.24,16.61,gate
GWG542S,5 x 42 WALK GATE GALV. STRUNG,Non-stock item,295.72,42.25,gate
GWG54S,5 x 48 WALK GATE GALV. STRUNG,Non-stock item,316.82,45.26,gate
GWG63,6 x 36 WALK GATE GALV. F/O,Non-stock item,119.07,17.01,gate
GWG63S,6 x 36 WALK GATE GALV. STRUNG,Non-stock item,323.47,46.21,gate
GWG64,6 x 48 WALK GATE GALV. F/O,Non-stock item,136.08,19.44,gate
GWG642,6 x 42 WALK GATE GALV. F/O,Non-stock item,127.58,18.23,gate
GWG642S,6 x 42 WALK GATE GALV. STRUNG,Non-stock item,347.1,49.59,gate
GWG64S,6 x 48 WALK GATE GALV. STRUNG,Non-stock item,370.72,52.96,gate
HAM4A,HAMPTON 4 x 8 scallop sec. whi,Non-stock item,256.26,127.58,section_panel
HAM4AA,HAMPTON 4 x 8 scallop sec almo,Non-stock item,342.18,173.98,section_panel
HAM4B,HAMPTON STEPPED 4 x 8 sec whit,Non-stock item,256.26,127.58,section_panel
HAM4BA,HAMPTON STEPPED 4 x 8 sec almo,Non-stock item,342.18,173.98,section_panel
HAM4C,HAMPTON STRAIGHT 4 x 8 sec whi,Non-stock item,256.26,127.58,section_panel
HAM4CA,HAMPTON STRAIGHT 4 x 8 sec. al,Non-stock item,342.18,173.98,section_panel
HAM5A,HAMPTON 5 x 8 scallop sec. whi,Non-stock item,285.19,143.2,section_panel
HAM5AA,HAMPTON 5 x 8 scallop sec. alm,Non-stock item,309.85,156.52,section_panel
HAM5B,HAMPTON STEPPED 5 x 8 sec whit,Non-stock item,285.19,143.2,section_panel
HAM5BA,HAMPTON STEPPED 5 x 8 sec almo,Non-stock item,309.85,156.52,section_panel
HAM5C,HAMPTON STRAIGHT 5 x 8 sec whi,Non-stock item,285.19,143.2,section_panel
HAM5CA,HAMPTON STRAIGHT 5 x 8 sec alm,Non-stock item,309.85,156.52,section_panel
HAM6A,HAMPTON 6 x 8 SCALLOP sec whit,Non-stock item,289.04,145.28,section_panel
HAM6AA,HAMPTON 6 x 8 SCALLOP sec almo,Non-stock item,314.09,158.81,section_panel
HAM6B,HAMPTON STEPPED 6 x 8 sec whit,Non-stock item,289.04,145.28,section_panel
HAM6BA,HAMPTON STEPPED 6 x 8 sec almo,Non-stock item,314.09,158.81,section_panel
HAM6C,HAMPTON STRAIGHT 6 x 8 sec whi,Non-stock item,289.04,145.28,section_panel
HAM6CA,HAMPTON STRAIGHT 6 x 8 sec alm,Non-stock item,314.09,158.81,section_panel
HAMG43A,HAMPTON SCAL GATE 4 x 3 open w,Non-stock item,319.76,104.88,gate
HAMG43AA,HAMPTON SCAL GATE 4 x 3 open a,Non-stock item,340.74,115.37,gate
HAMG43B,HAMPTON STEP GATE 4 x 3 open w,Non-stock item,319.76,104.88,gate
HAMG43C,HAMPTON STRA GATE 4 x 3 open w,Non-stock item,319.76,104.88,gate
HAMG43CA,HAMPTON STRA GATE 4 x 3 open a,Non-stock item,340.74,115.37,gate
HAMG44A,HAMPTON SCAL GATE 4 x 4 open w,Non-stock item,352.86,121.43,gate
HAMG44AA,HAMPTON SCAL GATE 4 x 4 open A,Non-stock item,377.15,133.57,gate
HAMG44B,HAMPTON STEP GATE 4 x 4 open w,Non-stock item,352.86,121.43,gate
HAMG44C,HAMPTON STRA GATE 4 x 4 open w,Non-stock item,352.86,121.43,gate
HAMG44CA,HAMPTON STRA GATE 4 x 4 open A,Non-stock item,377.15,133.57,gate
HAMG45A,HAMPTON SCAL GATE 4 x 5 open w,Non-stock item,385.96,137.98,gate
HAMG45AA,HAMPTON SCAL GATE 4 x 5 open a,Non-stock item,413.56,151.78,gate
HAMG45B,HAMPTON STEP GATE 4 x 5 open w,Non-stock item,385.96,137.98,gate
HAMG45C,HAMPTON STRA GATE 4 x 5 open w,Non-stock item,385.96,137.98,gate
HAMG45CA,HAMPTON STRA GATE 4 x 5 open A,Non-stock item,413.56,151.78,gate
HAMG53A,HAMPTON SCAL GATE 5 x 3 OPEN,Non-stock item,349.2,119.6,gate
HAMG53B,HAMPTON STEP GATE 5 x 3 OPEN,Non-stock item,349.2,119.6,gate
HAMG53C,HAMPTON STRA GATE 5 x 3 OPEN,Non-stock item,349.2,119.6,gate
HAMG54A,HAMPTON SCAL GATE 5 x 4 OPEN,Non-stock item,388.48,139.24,gate
HAMG54B,HAMPTON STEP GATE 5 x 4 OPEN,Non-stock item,388.48,139.24,gate
HAMG54C,HAMPTON STRA GATE 5 x 4 OPEN,Non-stock item,388.48,139.24,gate
HAMG55A,HAMPTON SCAL GATE 5 x 5 OPEN,Non-stock item,427.76,158.88,gate
HAMG55B,HAMPTON STEP GATE 5 x 5 OPEN,Non-stock item,427.76,158.88,gate
HAMG55C,HAMPTON STRA GATE 5 x 5 OPEN,Non-stock item,427.76,158.88,gate
HAMG63A,HAMPTON SCAL GATE 6 x 3 OPEN,Non-stock item,380.7,135.35,gate
HAMG63B,HAMPTON STEP GATE 6 x 3 OPEN,Non-stock item,380.7,135.35,gate
HAMG63C,HAMPTON STRA GATE 6 x 3 OPEN,Non-stock item,380.7,135.35,gate
HAMG64A,HAMPTON SCAL GATE 6 x 4 OPEN,Non-stock item,426.16,158.08,gate
HAMG64B,HAMPTON STEP GATE 6 x 4 OPEN,Non-stock item,426.16,158.08,gate
HAMG64C,HAMPTON STRA GATE 6 x 4 OPEN,Non-stock item,426.16,158.08,gate
HAMG65A,HAMPTON SCAL GATE 6 x 5 OPEN,Non-stock item,471.62,180.81,gate
HAMG65B,HAMPTON STEP GATE 6 x 5 OPEN,Non-stock item,471.62,180.81,gate
HAMG65C,HAMPTON STRA GATE 6 x 5 OPEN,Non-stock item,471.62,180.81,gate
HAMPKT4,4 HAMPTON PICKETS ONLY (27 pcs,Non-stock item,209.24,104.62,section_panel
HAMPKT4A,4 HAMPTON PICKETS ONLY (27 pcs,Stock item,270.4,135.2,section_panel
HAMPKT5,5 HAMPTON PICKETS ONLY (27 pcs,Non-stock item,220.48,110.24,section_panel
HAMPKT6,6 HAMPTON PICKETS ONLY (27 pcs,Non-stock item,224.64,112.32,section_panel
Hampton,new 4' Hampton Arverne,Non-stock item,27.0,0.0,section_panel
Hampton Gate,New Gates Arverne,Non-stock item,400.0,0.0,gate
HAMPTOP,1 x 8 HAMPTON TOPPER RED CEDAR,Non-stock item,135.36,67.68,section_panel
HAMPTOP2,2 x 8 HAMPTON TOPPER RED CEDAR,Non-stock item,206.88,103.44,section_panel
HAN34,HANNIBAL 3 x 4 SECTION,Non-stock item,72.22,39.72,section_panel
HAN354,HANNIBAL 42 x 4 SECTION,Non-stock item,76.44,42.04,section_panel
HAN356,HANNIBAL 42 x 6 SECTION,Non-stock item,116.58,64.12,section_panel
HAN36,HANNIBAL 3 x 6 SECTION,Non-stock item,110.73,60.9,section_panel
HAN44,HANNIBAL 4 x 4 SECTION,Non-stock item,79.84,43.91,section_panel
HAN46,HANNIBAL 4 x 6 SECTION,Non-stock item,122.47,67.36,section_panel
HANDISIGN,handicap sign,Non-stock item,17.86,12.5,other
HANG33,HANNIBAL GATE 3 x 3 OPEN,Non-stock item,154.22,77.11,gate
HANG34,HANNIBAL GATE 3 x 4 OPEN,Non-stock item,169.94,84.97,gate
HANG35,HANNIBAL GATE 3 x 5 OPEN,Non-stock item,182.98,91.49,gate
HANG353,HANNIBAL GATE 42 x 3 OPEN,Non-stock item,158.62,79.31,gate
HANG354,HANNIBAL GATE 42 x 4 OPEN,Non-stock item,176.18,88.09,gate
HANG355,HANNIBAL GATE 42 x 5 OPEN,Non-stock item,190.14,95.07,gate
HANG43,HANNIBAL GATE 4 x 3 OPEN,Non-stock item,165.88,82.94,gate
HANG44,HANNIBAL GATE 4 x 4 OPEN,Non-stock item,183.46,91.73,gate
HANG45,HANNIBAL GATE 4 x 5 OPEN,Non-stock item,199.28,99.64,gate
HANV44,HANVER 4 x 4 SECTION,Non-stock item,121.35,66.74,section_panel
HANV46,HANVER 4 x 6 SECTION,Non-stock item,179.38,98.66,section_panel
HANV54,HANVER 5 x 4 SECTION,Non-stock item,139.18,76.55,section_panel
HANV56,HANVER 5 x 6 SECTION,Non-stock item,206.51,113.58,section_panel
HANV64,HANVER 6 x 4 SECTION,Non-stock item,148.67,81.77,section_panel
HANV66,HANVER 6 x 6 SECTION,Non-stock item,220.73,121.4,section_panel
HANVG43,HANVER GATE 4 x 3 OPEN,Non-stock item,201.16,100.58,gate
HANVG44,HANVER GATE 4 x 4 OPEN,Non-stock item,219.0,109.5,gate
HANVG45,HANVER GATE 4 x 5 OPEN,Non-stock item,238.04,119.02,gate
HANVG53,HANVER GATE 5 x 3 OPEN,Non-stock item,239.54,119.77,gate
HANVG54,HANVER GATE 5 x 4 OPEN,Non-stock item,289.54,144.77,gate
HANVG55,HANVER GATE 5 x 5 OPEN,Non-stock item,289.54,144.77,gate
HANVG63,HANVER GATE 6 x 3 OPEN,Non-stock item,253.0,126.5,gate
HANVG64,HANVER GATE 6 x 4 OPEN,Non-stock item,280.96,140.48,gate
HANVG65,HANVER GATE 6 x 5 OPEN,Non-stock item,308.18,154.09,gate
HCA4,HEAVY CEDAR ARBOR 4' WIDE,Non-stock item,0.0,0.0,wood
HCA42,HEAVY CEDAR ARBOR 42' WIDE,Non-stock item,0.0,0.0,wood
HCA5,HEAVY CEDAR ARBOR 5' WIDE,Non-stock item,0.0,0.0,wood
HCA6,HEAVY CEDAR ARBOR 6' WIDE,Non-stock item,0.0,0.0,wood
HCA8,HEAVY CEDAR ARBOR 8' WIDE,Non-stock item,0.0,0.0,wood
HD150,DRIVE POST,Non-stock item,1.67,0.3,post
HD200,¼ x  2 HAMMER DRIVE,Non-stock item,2.5,0.45,other
HDBC158,1 5/8 in. H.D. BALL CAP,Non-stock item,18.23,5.47,other
HDBC200,2 in. H.D. BALL CAP,Non-stock item,24.53,7.36,other
HDBC250,2 ½ in. H.D. BALL CAP,Non-stock item,33.97,10.19,other
HDVA44,FREEDOM 4 in 4 x 4 x 48 OPEN,Non-stock item,1045.45,575.0,other
HDVA45,FREEDOM 4 in 4 x 4 x 60 OPEN,Non-stock item,1181.82,650.0,other
HDVA54,FREEDOM 5 in 5 x 5 x 48 OPEN,Non-stock item,1045.45,575.0,other
HDVA55,FREEDOM 5 in 5 x 5 x 60 OPEN,Non-stock item,1181.82,650.0,other
HELPER,,Non-stock item,0.0,0.0,other
HI4H,4X4 hvy duty weldable hinge,Non-stock item,28.0,14.0,gate
HI6H,6X6 hvy duty weldable hinge,Non-stock item,36.86,18.43,gate
HIARCH,HIGHLANDER ARCH,Non-stock item,703.64,387.0,other
HIFLAT,HIGHLANDER FLAT,Non-stock item,407.27,224.0,other
HIL4R,4 x 6 Hialeah resi alum 5/8 2i,Non-stock item,0.0,0.0,aluminum
HIL5R,5X6 Hialeah resi alum 5/8 2in,Non-stock item,0.0,0.0,aluminum
HIL6R,6X6 Hialeah resi alum 5/8 2in,Non-stock item,0.0,0.0,aluminum
HK,8 in ROLL GATE KIT COMMERCIAL,Non-stock item,135.97,78.86,gate
HOL4,HOLLINGSWORTH 4 x 8 sec white,Non-stock item,158.71,89.22,other
HOL4A,HOLLINGSWORTH 4 x 8 sec almond,Non-stock item,173.16,97.89,other
HOL4AD,HOLLINGSWORTH 4 x 8 sec adobe,Non-stock item,176.13,99.68,other
HOL4G,HOLLINGSWORTH 4 x 8 sec gray c,Non-stock item,173.16,97.89,other
HOL5,HOLLINGSWORTH 5 x 8 sec white,Non-stock item,186.12,105.67,other
HOL5A,HOLLINGSWORTH 5 x 8 sec almond,Non-stock item,203.32,115.99,other
HOL5AD,HOLLINGSWORTH 5 x 8 sec adobe,Non-stock item,211.91,121.15,other
HOL5G,HOLLINGSWORTH 5 x 8 sec Gray c,Non-stock item,203.32,115.99,other
HOL6,HOLLINGSWORTH 6 x 8 sec white,Non-stock item,186.12,105.67,other
HOL6A,HOLLINGSWORTH 6 x 8 sec almond,Non-stock item,203.32,115.99,other
HOL6AD,HOLLINGSWORTH 6 x 8 sec adobe,Non-stock item,211.91,121.15,other
HOL6G,HOLLINGSWORTH 6 x 8 sec gray c,Non-stock item,203.32,115.99,other
HOL6M,HOLLINGSWORTH 6 x 8 mini latti,Non-stock item,209.08,119.45,other
HOL6X,HOLLINGSWORTH 6 x 8 sec white,Non-stock item,158.13,91.88,other
HOL7X,HOLLINGSWORTH 7 x 8 sec white,Non-stock item,172.52,100.51,other
HOL8X,HOLLINGSWORTH 8 x 8 sec white,Non-stock item,186.17,108.7,other
HOLG43,HOLLINGSWORTH GATE 4 x 3 OPEN,Non-stock item,364.86,107.43,gate
HOLG43A,HOLLINGSWORTH GATE 4 x 3 open,Non-stock item,386.34,118.17,gate
HOLG43AD,HOLLINGSWORTH GATE 4 x 3 open,Non-stock item,397.09,123.54,gate
HOLG43G,HOLLINGSWORTH GATE 4 x 3 open,Non-stock item,386.34,118.17,gate
HOLG44,HOLLINGSWORTH GATE 4 x 4 OPEN,Non-stock item,388.87,119.44,gate
HOLG44A,HOLLINGSWORTH GATE 4 x 4 open,Non-stock item,412.76,131.38,gate
HOLG44AD,HOLLINGSWORTH GATE 4 x 4 open,Non-stock item,424.7,137.35,gate
HOLG44G,HOLLINGSWORTH GATE 4 x 4 open,Non-stock item,412.76,131.38,gate
HOLG45,HOLLINGSWORTH GATE 4 x 5 open,Non-stock item,414.36,132.18,gate
HOLG45A,HOLLINGSWORTH GATE 4 x 5 open,Non-stock item,440.8,145.4,gate
HOLG45G,HOLLINGSWORTH GATE 4 x 5 open,Non-stock item,454.02,152.01,gate
HOLG53,HOLLINGSWORTH GATE 5 x 3 open,Non-stock item,382.5,116.25,gate
HOLG53A,HOLLINGSWORTH GATE 5 x 3 open,Non-stock item,405.75,127.87,gate
HOLG53AD,HOLLINGSWORTH GATE 5 x 3 open,Non-stock item,417.37,133.69,gate
HOLG53G,HOLLINGSWORTH GATE 5 x 3 open,Non-stock item,405.75,127.87,gate
HOLG54,HOLLINGSWORTH GATE 5 x 4 white,Non-stock item,409.47,129.74,gate
HOLG54A,HOLLINGSWORTH GATE 5 x 4 almon,Non-stock item,435.42,142.71,gate
HOLG54AD,HOLLINGSWORTH GATE 5 x 4 Adobe,Non-stock item,448.39,149.2,gate
HOLG54G,HOLLINGSWORTH GATE 5 x 4 Gray,Non-stock item,435.42,142.71,gate
HOLG55,HOLLINGSWORTH GATE 5 x 5 open,Non-stock item,437.92,143.96,gate
HOLG55A,HOLLINGSWORTH GATE 5 x 5 open,Non-stock item,466.71,158.36,gate
HOLG55AD,HOLLINGSWORTH GATE 5 x 5 open,Non-stock item,481.11,165.56,gate
HOLG55G,HOLLINGSWORTH GATE 5 x 5 open,Non-stock item,466.71,158.36,gate
HOLG63,HOLLINGSWORTH GATE 6 x 3 white,Non-stock item,400.14,125.07,gate
HOLG63A,HOLLINGSWORTH GATE 6 x 3 almon,Non-stock item,425.15,137.58,gate
HOLG63AD,HOLLINGSWORTH GATE 6 x 3 Adobe,Non-stock item,437.66,143.83,gate
HOLG63G,HOLLINGSWORTH GATE 6 x 3 Gray,Non-stock item,425.15,137.58,gate
HOLG64,HOLLINGSWORTH GATE 6 x 4 open,Non-stock item,430.07,140.04,gate
HOLG64A,HOLLINGSWORTH GATE 6 x 4 open,Non-stock item,458.08,154.04,gate
HOLG64AD,HOLLINGSWORTH GATE 6 x 4 open,Non-stock item,472.08,161.04,gate
HOLG64G,HOLLINGSWORTH GATE 6 x 4 open,Non-stock item,458.08,154.04,gate
HOLG65,HOLLINGSWORTH GATE 6 x 5 open,Non-stock item,461.48,155.74,gate
HOLG65A,HOLLINGSWORTH GATE 6 x 5 open,Non-stock item,492.63,171.32,gate
HOLG65AD,HOLLINGSWORTH GATE 6 x 5 open,Non-stock item,508.2,179.1,gate
HOLG65G,HOLLINGSWORTH GATE 6 x 5 open,Non-stock item,492.63,171.32,gate
HQH,QUALITY HINGE STANDARD S.S. 2-,Non-stock item,65.71,43.37,gate
HQHH,QUALITY HINGE HEAVY S.S. 2-SID,Non-stock item,79.58,52.52,gate
HQHS,corner stone nylon self closin,Non-stock item,53.21,35.12,other
HQL,TWO WAY UTILITY LATCH S.S. nw3,Non-stock item,35.42,23.38,gate
HR11S,11 ga. STEEL HOG RINGS 750 PCS,Non-stock item,11.22,5.61,other
HR9,9 ga. ALUM HOG RINGS 242 PCS 1,Non-stock item,9.78,4.89,aluminum
HR9S,9 ga. STEEL HOG RINGS 110 PCS,Non-stock item,18.4,9.2,other
HRH3,"42"""" X 3' HAMPTON HANDRAIL 1-1",Non-stock item,98.77,41.26,section_panel
HRH4,"42"""" X 4' HAMPTON HANDRAIL 1-1",Non-stock item,119.4,53.64,section_panel
HRH6,"42"""" X 6' HAMPTON HANDRAIL 1-1",Non-stock item,165.82,81.49,section_panel
HRH8,"42"""" X 8' HAMPTON HANDRAIL 1-1",Non-stock item,212.42,109.45,section_panel
HRHG3,"42"""" X 3' WIDE HAMPTON HAND RA",Non-stock item,226.06,73.03,section_panel
HRHG4,"42"""" X 4' WIDE HAMPTON HAND RA",Non-stock item,249.64,84.82,section_panel
HRHG5,"42"""" X 5'  WIDE HAMPTON HAND R",Non-stock item,273.22,96.61,section_panel
HRHS3,"42"""" X 3' HAMPTON STAIR RAIL 1",Non-stock item,98.77,41.26,section_panel
HRHS4,"42"""" X 4' HAMPTON STAIR RAIL 1",Non-stock item,113.33,50.0,section_panel
HRHS6,"42"""" X 6' HAMPTON STAIR RAIL 1",Non-stock item,160.25,78.15,section_panel
HRHS8,"42"""" X 8' HAMPTON STAIR RAIL 1",Non-stock item,207.17,106.3,section_panel
HRM3,42 x 3' Malibu Handrail straig,Non-stock item,101.13,42.68,other
HRM4,42 x 4' Malibu Handrail straig,Non-stock item,111.47,48.88,other
HRM6,42 x 6' Malibu Handrail straig,Non-stock item,157.22,76.33,other
HRM8,42 x 8' Malibu Handrail straig,Non-stock item,202.97,103.78,other
HRMG3,"42"""" X 3' WIDE MALIBU HAND RAI",Non-stock item,219.6,69.8,other
HRMG4,"42"""" X 4' WIDE MALIBU HAND RAI",Non-stock item,234.96,77.48,other
HRMG5,"42"""" X 5' WIDE MALIBU HAND RAI",Non-stock item,250.32,85.16,other
HRMS3,"42"""" X 3' MALIBU HANDRAIL STAI",Non-stock item,96.12,39.67,other
HRMS4,"42"""" X 4' MALIBU HANDRAIL STAI",Non-stock item,106.45,45.87,other
HRMS6,"42"""" X 6' MALIBU HANDRAIL STAI",Non-stock item,147.18,70.31,other
HRMS8,"42"""" X 8' MALIBU HANDRAIL STAI",Non-stock item,192.93,97.76,other
HRP,HOG RING PLYERS (REG),Non-stock item,14.54,7.27,other
HRS3,"42"""" X 3' COLONIAL SPINDLE HAN",Non-stock item,116.8,52.08,other
HRS4,"42"""" x 4' COLONIAL SPINDLE STR",Non-stock item,127.13,58.28,other
HRS6,"42"""" x 6' COLONIAL SPINDLE STR",Non-stock item,178.8,89.28,other
HRS8,"42"""" x 8' COLONIAL SPINDLE STR",Non-stock item,236.67,124.0,other
HRSG3,"42"""" X 3' WIDE COLONIAL HAND R",Non-stock item,257.36,88.68,other
HRSG4,"42"""" X 4' WIDE COLONIAL HAND R",Non-stock item,293.32,106.66,other
HRSG5,"42"""" X 5' WIDE COLONIAL HAND R",Non-stock item,337.88,128.94,other
HRSS3,"42"""" X3'w COLONIAL SPINDLE STA",Non-stock item,110.6,48.36,other
HRSS4,"42"""" X4'w COLONIAL SPINDLE STA",Non-stock item,127.13,58.28,other
HRSS6,"42"""" X6'w COLONIAL SPINDLE STA",Non-stock item,178.8,89.28,other
HRSS8,"42"""" X8'w COLONIAL SPINDLE STA",Non-stock item,230.47,120.28,other
HS200,2 in HAND STRECHER,Non-stock item,47.58,23.79,other
HS250,2-1/2 in HAND STRECHER,Non-stock item,47.58,23.79,other
HTB10,3/4 x 3/16 x 120 TENSION BARS,Non-stock item,17.0,8.5,other
HTB12,3/4 x 3/16 x 144 TENSION BARS,Non-stock item,19.5,9.75,other
HTB8,3/4 x 3/16 x 96 TENSION BARS G,Non-stock item,12.26,6.13,other
HUNT3,3 HUNTINGTON CUSTOM WOOD,Non-stock item,110.26,77.18,section_panel
HUNT35,42 in HUNTINGTON CUSTOM WOOD,Non-stock item,120.0,84.0,section_panel
HUNT4,4 HUNTINGTON CUSTOM WOOD,Non-stock item,124.6,87.22,section_panel
HVGP6,HD VINYL DRIVE POST 6'  (1-3/4,Non-stock item,11.0,5.5,post
HVGP8,HD VINYL DRIVE POST 8'  (1-3/4,Non-stock item,21.6,10.8,post
HWS3,SPRING LOADED WHEEL 3 in,Non-stock item,86.67,52.0,other
HWS6,SPRING LOADED WHEEL 6 in,Non-stock item,91.68,55.01,other
IB20,5 in I BEAM 20' LONG,Non-stock item,397.8,218.79,other
IB40,6 in I BEAM 40' LONG,Non-stock item,932.33,512.78,other
IBEAM40,"40' I BEAM 5"""" X 10 LBS PER FT",Non-stock item,700.0,420.0,other
IBEAM5,"4 x 6 x 5 I"""" BEAM POST""""",Non-stock item,147.12,75.03,post
IBS10,IBEAM SPLICE PLATE,Non-stock item,44.82,24.65,other
ICARO,BFT Icaro fast slide gate oper,Non-stock item,1448.15,941.3,gate
IF2158,ECONOMY FORK ONLY 1-5/8 in,Non-stock item,12.44,6.22,other
IFL,INDUSTRIAL FORK LATCH COMP.,Non-stock item,71.58,28.29,gate
IG158,1-5/8 COMMERICIAL GUIDES,Non-stock item,9.32,3.98,other
IG200,2 IN COMMERCIAL GUIDES,Non-stock item,9.32,3.98,other
ILD,INDUSTRIAL LOCKING DEVICE,Non-stock item,51.24,25.62,other
INN4R,4 x 6 innsbruck resi alum 5/8,Non-stock item,0.0,0.0,aluminum
INN5R,5X6 Innsbruck resi alum 5/8 2i,Non-stock item,0.0,0.0,aluminum
INN6R,6X6 Innsbruck resi alum 5/8 2i,Non-stock item,0.0,0.0,aluminum
ISWEP175,1 3/4 x 3 1/2 x 6' INV. SWEEP,Non-stock item,0.0,0.0,other
ISWEP175R,1 3/4 x 3 1/2 x 6' INV. SWEEP,Non-stock item,0.0,0.0,other
IVISION,Wireless Video Intercom System,Non-stock item,338.09,223.14,chain_link
JBOLT5,5 IN J bolt with barrel - per,Non-stock item,30.36,15.18,other
JBOLT7,7 IN J BOLT With barrel- per p,Non-stock item,48.0,24.0,other
JER4,4 JERICHO CUSTOM WOOD,Non-stock item,214.29,150.0,section_panel
JER5,5 JERICHO CUSTOM WOOD,Non-stock item,250.0,175.0,section_panel
JER6,6 JERICHO CUSTOM WOOD,Non-stock item,282.8,197.96,section_panel
JER8,8 JERICHO CUSTOM WOOD,Non-stock item,321.43,225.0,section_panel
JERP6,JERICHO PROD. 6 x 8,Non-stock item,0.0,0.0,other
KC138,KENNEL CLAMP 1-3/8 2 pk,Non-stock item,11.8,5.9,other
KEN48,KENSINGTON 4 x 8 SECTION,Non-stock item,211.2,96.72,section_panel
KEN58,KENSINGTON 5 x 8 SECTION,Non-stock item,237.37,112.42,section_panel
KEN68,KENSINGTON 6 x 8 SECTION,Non-stock item,263.53,128.12,section_panel
KENG43,KENSINGTON GATE 4 x 3 OPEN,Non-stock item,299.8,87.4,gate
KENG44,KENSINGTON GATE 4 x 4 OPEN,Non-stock item,321.12,98.06,gate
KENG45,KENSINGTON GATE 4 x 5 OPEN,Non-stock item,338.76,106.88,gate
KENG53,KENSINGTON GATE 5 x 3 OPEN,Non-stock item,324.32,99.66,gate
KENG54,KENSINGTON GATE 5 x 4 OPEN,Non-stock item,349.32,112.16,gate
KENG55,KENSINGTON GATE 5 x 5 OPEN,Non-stock item,370.64,122.82,gate
KENG63,KENSINGTON GATE 6 x 3 OPEN,Non-stock item,348.84,111.92,gate
KENG64,KENSINGTON GATE 6 x 4 OPEN,Non-stock item,377.52,126.26,gate
KENG65,KENSINGTON GATE 6 x 5 OPEN,Non-stock item,402.52,138.76,gate
KEY,Keystone x ext mount nylon klx,Non-stock item,53.21,35.12,other
KEYADV,Keystone gate latch metal klad,Non-stock item,82.76,54.62,gate
KINGS3,KINGS PARK 3 x 8 SECTION,Non-stock item,195.63,72.38,section_panel
KINGS4,KINGS PARK 4 x 8 SECTION,Non-stock item,230.35,93.21,section_panel
KINGS5,KINGS PARK 5 x 8 SECTION,Non-stock item,265.07,114.04,section_panel
KINGSG33,KINGS PARK GATE 3 x 3 OPEN,Non-stock item,0.0,0.0,gate
KINGSG34,KINGS PARK GATE 3 x 4 OPEN,Non-stock item,0.0,0.0,gate
KINGSG35,KINGS PARK GATE 3 x 5 OPEN,Non-stock item,0.0,0.0,gate
KINGSG43,KINGS PARK GATE 4 x 3 OPEN,Non-stock item,0.0,0.0,gate
KINGSG44,KINGS PARK GATE 4 x 4 OPEN,Non-stock item,0.0,0.0,gate
KINGSG45,KINGS PARK GATE 4 x 5 OPEN,Non-stock item,0.0,0.0,gate
KINGSG53,KINGS PARK GATE 5 x 3 OPEN,Non-stock item,0.0,0.0,gate
KINGSG54,KINGS PARK GATE 5 x 4 OPEN,Non-stock item,0.0,0.0,gate
KINGSG55,KINGS PARK GATE 5 x 5 OPEN,Non-stock item,0.0,0.0,gate
KIRPOLAPHOT,Polarized Reflective Photo Bea,Non-stock item,81.51,52.98,other
KIRREFLPHOTO,IR Reflective Photo Beam w/hoo,Non-stock item,90.0,58.5,other
KLDB18,"18"""" Key Link Drop Bar",Non-stock item,0.0,0.0,other
KLDB24,"24"""" Key Link Drop Bar",Non-stock item,0.0,0.0,other
KLH,Key Link Self-Closing Hinge Se,Non-stock item,0.0,0.0,gate
KLLL,Key Link Lockable Latch,Non-stock item,0.0,0.0,gate
KLPBL,Key Link Push Button Lockable,Non-stock item,0.0,0.0,other
KSLAM,KANT SLAM AGTE CLOSER,Non-stock item,85.12,51.07,other
KUSTOS,kustos bt dual arm kit no batt,Non-stock item,2615.38,1700.0,other
KUSTOSBAT,Kustos bt dual arm kit with ba,Non-stock item,1876.77,1219.9,other
KW962,STANDARD HYDRAULIC DOOR CLOSER,Non-stock item,152.73,84.0,other
LA325,3 1/4 x 3 1/4 ARCH FOR ARBOR,Non-stock item,0.0,0.0,other
LA400,4 in LOCK ASSEMBLY,Non-stock item,48.76,26.82,other
LA658,6-5/8 in LOCK ASSEMBLY,Non-stock item,68.09,37.45,other
LABOR,APPROX INSTALL LABOR,Non-stock item,0.0,0.0,other
LABOR GATE,,Stock item,0.0,0.0,gate
LACQUER,Lacquer thinner 1 gallon,Non-stock item,40.5,20.25,wood
LAK325,3 1/4 x 3 1/4 ARCH KIT FOR ARB,Non-stock item,0.0,0.0,other
LAKE4,LAKELAND 4 x 8 sec. white colo,Non-stock item,101.57,62.97,other
LAKE44,LAKELAND 4 x 4 sec. white colo,Non-stock item,55.64,34.49,other
LAKE46,LAKELAND 4 x 6 sec. white colo,Non-stock item,81.96,50.81,other
LAKE4A,LAKELAND 4 x 8 sec. almond col,Non-stock item,111.59,69.19,other
LAKE4AD,LAKELAND 4 x 8 sec. adobe colo,Non-stock item,116.6,72.29,other
LAKE4B,4X8 sec cambridge black color,Non-stock item,263.87,145.13,other
LAKE4G,LAKELAND 4 x 8 sec. gray color,Non-stock item,111.59,69.19,other
LAKE4X,LAKELAND 4 x 8 sec. white colo,Non-stock item,86.08,53.37,other
LAKE5,LAKELAND 5 x 8 sec white color,Non-stock item,117.09,72.59,other
LAKE54,LAKELAND 5 x 4 sec white color,Non-stock item,65.44,40.58,other
LAKE56,LAKELAND 5 x 6 sec white color,Non-stock item,96.54,59.86,other
LAKE5A,LAKELAND 5 x 8 sec. almond col,Non-stock item,128.66,79.77,other
LAKE5AD,LAKELAND 5 x 8 sec adobe color,Non-stock item,134.45,83.36,other
LAKE5B,5X8 sec cambridge black color,Non-stock item,298.05,163.93,other
LAKE5G,LAKELAND 5 x 8 sec. Gray color,Non-stock item,128.66,79.77,other
LAKE5X,Lakeland 5 x 8 Section white c,Non-stock item,100.84,62.52,section_panel
LAKE6,LAKELAND 6 x 8 sec. white colo,Non-stock item,134.51,83.4,other
LAKE64,LAKELAND 6X4 sec white color,Stock item,84.45,52.36,other
LAKE66,LAKELAND 6 X 6 Section white c,Non-stock item,104.61,64.86,section_panel
LAKE6A,LAKELAND 6 x 8 sec almond colo,Non-stock item,147.78,91.62,other
LAKE6AD,LAKELAND 6 x 8 sec. adobe colo,Non-stock item,154.41,95.74,other
LAKE6B,6X8 sec cambridge black color,Non-stock item,350.67,192.87,other
LAKE6G,LAKELAND 6 x 8 sec Gray color,Non-stock item,147.78,91.62,other
LAKE6X,Lakeland Blue 6 x 8 Sec White,Non-stock item,118.25,73.31,other
LAKE7,Lakeland 7X8 section white col,Non-stock item,151.65,94.03,section_panel
LAKE7A,LAKELAND 7X8 section almond co,Non-stock item,166.59,103.29,section_panel
LAKE7AD,LAKELAND 7X8 section adobe col,Non-stock item,174.06,107.92,section_panel
LAKE7G,LAKELAND 7X8 section Gray colo,Non-stock item,166.59,103.29,section_panel
LAKE7X,Lakeland 7x8 section white 2 r,Non-stock item,133.65,82.86,section_panel
LAKE8,Lakeland 8x8 sec. white color,Non-stock item,194.22,120.42,other
LAKE8A,LAKELAND 8 x 8 sec. almond col,Non-stock item,213.37,132.29,other
LAKE8AD,LAKELAND 8 x 8 sec. adobe colo,Non-stock item,222.94,138.23,other
LAKE8G,LAKELAND 8 x 8 sec. gray color,Non-stock item,213.37,132.29,other
LAKE8X,Lakeland 8x8 sec white color 3,Non-stock item,164.27,101.85,other
LAKEA4,LAKELAND ARCH 4 x 8 SECTION,Non-stock item,277.24,78.89,section_panel
LAKEA5,LAKELAND ARCH 5 x 8 SECTION,Non-stock item,295.18,90.01,section_panel
LAKEA6,LAKELAND ARCH 6 x 8 SECTION,Non-stock item,310.69,99.63,section_panel
LAKEAG44,LAKE ARCH GATE 4 x 4 OPEN,Non-stock item,447.44,103.72,gate
LAKEAG45,LAKE ARCH GATE 4 x 5 OPEN,Non-stock item,465.5,112.75,gate
LAKEAG54,LAKE ARCH GATE 5 x 4 OPEN,Non-stock item,465.74,112.87,gate
LAKEAG55,LAKE ARCH GATE 5 x 5 OPEN,Non-stock item,487.08,123.54,gate
LAKEAG64,LAKE ARCH GATE 6 x 4 OPEN,Non-stock item,478.9,119.45,gate
LAKEAG65,LAKE ARCH GATE 6 x 5 OPEN,Non-stock item,503.96,131.98,gate
LAKEG43,Lakeland gate white color 4x3,Non-stock item,336.0,100.5,gate
LAKEG43A,Lakeland gate almond color 4x3,Non-stock item,356.1,110.55,gate
LAKEG43AD,Lakeland gate adobe color 4x3,Non-stock item,366.15,115.58,gate
LAKEG43B,LAKELAND GATE 4X3 OPENING BLAC,Non-stock item,408.53,224.69,gate
LAKEG43G,Lakeland gate gray color 4x3 o,Non-stock item,356.1,110.55,gate
LAKEG44,Lakeland gate white color 4x4,Non-stock item,356.08,110.54,gate
LAKEG44A,Lakeland gate almond color 4x4,Non-stock item,378.19,121.59,gate
LAKEG44AD,Lakeland gate adobe color 4x4,Non-stock item,389.24,127.12,gate
LAKEG44B,LAKELAND GATE 4X4 OPENING BLAC,Non-stock item,450.0,247.5,gate
LAKEG44G,Lakeland gate gray color 4x4 o,Non-stock item,378.19,121.59,gate
LAKEG45,Lakeland gate white color 4x5,Non-stock item,376.16,120.58,gate
LAKEG45A,Lakeland gate almond color 4x5,Non-stock item,400.28,132.64,gate
LAKEG45AD,Lakeland gate adobe color 4x5,Non-stock item,412.33,138.67,gate
LAKEG45B,LAKELAND GATE 4X5 OPENING BLAC,Non-stock item,494.55,272.0,gate
LAKEG45G,Lakeland gate gray color 4x5 o,Non-stock item,400.28,132.64,gate
LAKEG53,Lakeland gate white color 5x3,Non-stock item,354.2,109.6,gate
LAKEG53A,Lakeland gate almond color 5x3,Non-stock item,376.12,120.56,gate
LAKEG53AD,Lakeland gate adobe color 5x3,Non-stock item,387.08,126.04,gate
LAKEG53B,LAKELAND GATE 5X3 OPENING BLAC,Non-stock item,440.29,242.16,gate
LAKEG53G,Lakeland gate gray color 5x3 o,Non-stock item,376.12,120.56,gate
LAKEG54,Lakeland gate white color 5x4,Non-stock item,377.24,121.12,gate
LAKEG54A,Lakeland gate almond color 5x4,Non-stock item,401.46,133.23,gate
LAKEG54AD,Lakeland gate adobe color 5x4,Non-stock item,413.58,139.29,gate
LAKEG54B,LAKELAND GATE 5X4 OPENING BLAC,Non-stock item,484.29,266.36,gate
LAKEG54G,Lakeland gate gray color 5x4 o,Non-stock item,401.46,133.23,gate
LAKEG55,Lakeland gate white color 5x5,Non-stock item,400.28,132.64,gate
LAKEG55A,Lakeland gate almond color 5x5,Non-stock item,426.81,145.9,gate
LAKEG55AD,Lakeland gate adobe color 5x5,Non-stock item,440.07,152.54,gate
LAKEG55B,LAKELAND GATE 5X5 OPENING BLAC,Non-stock item,532.75,293.01,gate
LAKEG55G,Lakeland gate gray color 5x5 o,Non-stock item,426.81,145.9,gate
LAKEG63,LAKELAND GATE 6 x 3 OPEN,Non-stock item,343.62,104.31,gate
LAKEG63A,LAKELAND GATE almond 6 x 3 OPE,Non-stock item,364.49,114.74,gate
LAKEG63AD,LAKELAND GATE adobe 6 x 3 OPEN,Non-stock item,398.91,131.95,gate
LAKEG63B,LAKELAND GATE 6X3 OPENING BLAC,Non-stock item,489.15,269.03,gate
LAKEG63G,LAKELAND GATE gray 6 x 3 OPEN,Non-stock item,364.49,114.74,gate
LAKEG64,Lakeland gate white color 6x4,Non-stock item,373.26,119.13,gate
LAKEG64A,Lakeland Gate Almond  color 6,Non-stock item,397.09,131.05,gate
LAKEG64AD,Lakeland gate adobe color 6x4,Non-stock item,409.0,137.0,gate
LAKEG64B,LAKELAND GATE 6X4 OPENING BLAC,Non-stock item,538.07,295.94,gate
LAKEG64G,Lakeland Gate gray color 6x4 o,Non-stock item,397.09,131.05,gate
LAKEG65,Lakeland gate white color 6x5,Non-stock item,388.1,126.55,gate
LAKEG65A,Lakeland gate almond color 6x5,Non-stock item,413.41,139.21,gate
LAKEG65Ad,Lakeland gate adobe color 6x5,Non-stock item,426.07,145.53,gate
LAKEG65B,LAKELAND GATE 6X5 OPENING BLAC,Non-stock item,591.91,325.55,gate
LAKEG65G,Lakeland gate gray color 6x5 o,Non-stock item,413.41,139.21,gate
LAKES4,LAKELAND SCAL 4 x 8 SECTION,Non-stock item,313.06,81.53,section_panel
LAKES5,LAKELAND SCAL 5 x 8 SECTION,Non-stock item,332.3,91.15,section_panel
LAKES6,LAKELAND SCAL 6 x 8 SECTION,Non-stock item,351.54,100.77,section_panel
LAKESG44,LAKE SCAL GATE 4 x 4 OPEN,Non-stock item,447.44,103.72,gate
LAKESG45,LAKE SCAL GATE 4 x 5 OPEN,Non-stock item,465.5,112.75,gate
LAKESG54,LAKE SCAL GATE 5 x 4 OPEN,Non-stock item,465.74,112.87,gate
LAKESG55,LAKE SCAL GATE 5 x 5 OPEN,Non-stock item,487.08,123.54,gate
LAKESG64,LAKE SCAL GATE 6 x 4 OPEN,Non-stock item,478.9,119.45,gate
LAKESG65,LAKE SCAL GATE 6 x 5 OPEN,Non-stock item,503.96,131.98,gate
late fee,,Non-stock item,0.0,0.0,other
LATOP2,2 x 8 HEAVY LATTICE TOP,Non-stock item,0.0,0.0,other
LATTOP,1 x 8 HEAVY LATTICE TOP WOOD,Non-stock item,200.58,100.29,wood
LAU4C,4 x 6 laurel comm alum 1 x 1 4,Non-stock item,261.11,141.0,aluminum
LAU5C,5 x 6 laurel comm alum 1 x 1 4,Non-stock item,305.56,165.0,aluminum
LAU6C,6 x 6 laurel comm alum 1 x 1 4,Non-stock item,370.37,200.0,aluminum
LAU8C,8 x 6 laurel comm alum 1 x 1 4,Non-stock item,300.0,162.0,aluminum
LB,,Non-stock item,0.0,0.0,other
LB138,1-3/8 Lt. brace band w/ bolt,Non-stock item,4.13,0.62,chain_link
LB138138,1-3/8 x 1-3/8 BOULEVARD W/BOLT,Non-stock item,17.6,2.64,other
LB15,LAG BOLT 5/16 x 1-1/2 zinc,Non-stock item,0.5,0.14,other
lb1525,LAGBOLT 1/2 X 2-1/2 GALVANIZED,Non-stock item,1.43,0.4,chain_link
LB158,1-5/8 Lt. brace band w/ bolt,Non-stock item,4.47,0.67,chain_link
LB158138,1-5/8 x 1-3/8 BOULEVARD W/BOLT,Non-stock item,15.27,2.29,other
LB158158,1-5/8 x 1-5/8 BOULEVARD W/BOLT,Non-stock item,15.33,2.3,other
LB2,LAG BOLT 5/16 x 2 zinc,Non-stock item,0.61,0.17,other
LB200,2  Lt. brace band w/ bolt,Non-stock item,6.33,0.95,chain_link
LB2138,2 x 1-3/8 BOULEVARD W/BOLT,Non-stock item,17.47,2.62,other
LB2158,2 x 1-5/8 BOULEVARD W/BOLT,Non-stock item,21.0,3.15,other
LB25,LAG BOLT 5/16 x 2-1/2 zinc,Non-stock item,64.29,18.0,other
LB250,2-1/2 Lt. brace band w/ bolt,Non-stock item,7.2,1.08,chain_link
LB25138,2-1/2 x 1-3/8 BOULEVARD W/BOLT,Non-stock item,23.4,3.51,other
LB25158,2-1/2 x 1-5/8 BOULEVARD W/BOLT,Non-stock item,24.4,3.66,other
LB25158H,"Heavy BLVD  2-1/2x1-5/8""""",Non-stock item,33.67,18.52,other
LB300,3  Lt. brace band w/ bolt,Non-stock item,6.27,0.94,chain_link
LB3158,3 x 1-5/8 BOULEVARD W/BOLT,Non-stock item,23.47,3.52,other
LB35158,3-1/2X1-5/8 BOULEVARD,Non-stock item,25.0,3.75,other
LB35158H,Heavy blvd 3-1/2x1-5/8,Non-stock item,42.0,23.1,other
LB382,LAG BOLT 3/8 x 2 zinc,Non-stock item,0.75,0.21,other
LB3825,LAG BOLT 3/8 x 2-1/2 zinc,Non-stock item,0.89,0.25,other
LB383,LAG BOLT 3/8 x 3 zinc,Non-stock item,0.93,0.26,other
LB384,3/8 x 4 Lag Bolt Galvanized,Non-stock item,0.93,0.26,chain_link
LB385,3/8  X 5 LAG BOLT GALVANIZED,Non-stock item,1.07,0.3,chain_link
LB386,LAG BOLT 3/8 x 6 zinc,Non-stock item,1.64,0.46,other
LB400,4  Lt. brace band w/ bolt,Non-stock item,7.87,1.18,chain_link
LB4158,4 x 1-5/8 BOULEVARD W/BOLT,Non-stock item,29.07,4.36,other
LB54,1/2 X 4 Lag Bolt Galvanized,Non-stock item,2.11,0.59,chain_link
LC15138,1-5/8 x 1-3/8 ALUM. LOOP CAP,Non-stock item,6.25,1.25,aluminum
LC2138,2 x 1-3/8 ALUM. LOOP CAP,Non-stock item,5.75,1.15,aluminum
LC2158,2 x 1-5/8 ALUM. LOOP CAP,Non-stock item,9.15,1.83,aluminum
LC2558,2-1/2 x 1-5/8 ALUM. LOOP CAP,Non-stock item,10.95,2.19,aluminum
LDR,Lockable Drop Rod D&D,Non-stock item,80.0,52.8,gate
LIBMB,Liberty mail box post only,Non-stock item,300.6,165.33,post
LI-DT,LINEAR 1 BUTTON Transmitter dt,Non-stock item,26.15,17.0,other
LI-DT2A,LINEAR 2 BUTTON Transmitter dt,Non-stock item,38.46,25.0,other
LI-GRD,LINEAR 1 CHANNEL RECEIVER,Non-stock item,138.23,48.38,other
LINC48,LINCOLNSHIRE 4 x 8 SECTION,Non-stock item,262.2,130.46,section_panel
LINC58,LINCOLNSHIRE 5 x 8 SECTION,Non-stock item,294.04,147.97,section_panel
LINC68,LINCOLNSHIRE 6 x 8 SECTION,Non-stock item,325.87,165.48,section_panel
LINCG43,LINCOLNSHIRE GATE 4 x 3 OPEN,Non-stock item,264.46,104.73,gate
LINCG44,LINCOLNSHIRE GATE 4 x 4 OPEN,Non-stock item,282.22,113.61,gate
LINCG45,LINCOLNSHIRE GATE 4 x 5 OPEN,Non-stock item,297.7,121.35,gate
LINCG53,LINCOLNSHIRE GATE 5 x 3 OPEN,Non-stock item,274.08,109.54,gate
LINCG54,LINCOLNSHIRE GATE 5 x 4 OPEN,Non-stock item,293.58,119.29,gate
LINCG55,LINCOLNSHIRE GATE 5 x 5 OPEN,Non-stock item,310.18,127.59,gate
LINCG63,LINCOLNSHIRE GATE 6 x 3 OPEN,Non-stock item,283.7,114.35,gate
LINCG64,LINCOLNSHIRE GATE 6 x 4 OPEN,Non-stock item,304.92,124.96,gate
LINCG65,LINCOLNSHIRE GATE 6 x 5 OPEN,Non-stock item,322.68,133.84,gate
LL,LOOP LATCH FOR P&R,Non-stock item,6.66,3.33,gate
LL316,3/16 in. CHAIN SPLICER LAP LIN,Non-stock item,1.48,0.74,other
LLH,Handle black nylon w/ screws n,Non-stock item,10.64,5.32,other
LLP2,LOKK LATCH PRO (lockable latch,Non-stock item,42.42,28.0,gate
LT138,1-3/8 Lt. Tension band with bo,Non-stock item,4.13,0.62,chain_link
LT158,1-5/8 Lt. Tension band with bo,Non-stock item,4.93,0.74,chain_link
LT200,2  Lt. Tension band with bolt,Non-stock item,5.07,0.76,chain_link
LT200SQ,"2"""" Square tension bands",Non-stock item,3.52,1.76,chain_link
LT250,2-1/2  Lt. Tension band with b,Non-stock item,5.87,0.88,chain_link
LT250SQ,2-1/2 square tension bands,Non-stock item,5.5,2.75,chain_link
LT300,3 Lt. Tension band with bolt,Non-stock item,7.47,1.12,chain_link
LT300SQ,3 Square tension bands,Non-stock item,8.46,4.23,chain_link
LT400,4 Lt. Tension band with bolt,Non-stock item,9.13,1.37,chain_link
LYN4,4 LYNBROOK CUSTOM WOOD,Non-stock item,214.29,150.0,section_panel
LYN5,5 LYNBROOK CUSTOM WOOD,Non-stock item,250.0,175.0,section_panel
LYN6,6 LYNBROOK CUSTOM WOOD,Non-stock item,282.8,197.96,section_panel
LYN8,8 LYNBROOK CUSTOM WOOD,Non-stock item,321.43,225.0,section_panel
MAAS,1 TON 12' LONG MAASDAM,Non-stock item,107.26,53.63,other
MAASC,MAASDAM REPLACEMENT CABLE w/o,Non-stock item,18.1,9.05,other
MAASR,MAASDAM REPLACEMENT RACHET,Non-stock item,0.0,0.0,other
MAD4C,4 x 6 Madrid comm alum 1 x 1 4,Non-stock item,261.11,141.0,aluminum
MAD5C,5 x 6 Madrid comm alum 1 x 1 4,Non-stock item,305.56,165.0,aluminum
MAD6C,6 x 6 Madrid comm alum 1 x 1 4,Non-stock item,370.37,200.0,aluminum
MAD8C,8 x 6 Madrid comm alum 1 x 1 4,Non-stock item,300.0,162.0,aluminum
MAILBOX,LARGE STEEL MAILBOX WHT/MRN,Non-stock item,171.71,94.44,other
MAL34,MALIBU 3 x 4 SECTION,Non-stock item,90.92,35.46,section_panel
MAL354,MALIBU 42 x 4 SECTION,Non-stock item,101.24,40.62,section_panel
MAL356,MALIBU 42 x 6 SECTION,Non-stock item,144.44,62.22,section_panel
MAL36,MALIBU 3 x 6 SECTION,Non-stock item,128.96,54.48,section_panel
MAL44,MALIBU 4 x 4 SECTION,Non-stock item,109.84,44.92,section_panel
MAL46,MALIBU 4 x 6 SECTION,Non-stock item,158.2,69.1,section_panel
MALG33,MALIBU GATE 3 x 3 OPEN,Non-stock item,301.6,75.8,gate
MALG34,MALIBU GATE 3 x 4 OPEN,Non-stock item,319.76,84.88,gate
MALG35,MALIBU GATE 3 x 5 OPEN,Non-stock item,339.64,94.82,gate
MALG353,MALIBU GATE 42 x 3 OPEN,Non-stock item,313.56,81.78,gate
MALG354,MALIBU GATE 42 x 4 OPEN,Non-stock item,334.98,92.49,gate
MALG355,MALIBU GATE 42 x 5 OPEN,Non-stock item,356.58,103.29,gate
MALG43,MALIBU GATE 4 x 3 OPEN,Non-stock item,326.88,88.44,gate
MALG44,MALIBU GATE 4 x 4 OPEN,Non-stock item,350.2,100.1,gate
MALG45,MALIBU GATE 4 x 5 OPEN,Non-stock item,375.24,112.62,gate
MANCHEST,Manchester arbor,Non-stock item,1293.18,711.25,section_panel
MANCHESTD,Manchester delux arbor,Non-stock item,1839.55,1011.75,section_panel
MANTA,Manta Magnetic gate latch blac,Non-stock item,0.0,0.0,gate
MARS44,MARSEILLE 4 x 4 SECTION,Non-stock item,452.15,83.68,section_panel
MARS46,MARSEILLE 4 x 6 SECTION,Non-stock item,530.58,126.82,section_panel
MARS54,MARSEILLE 5 x 4 SECTION,Non-stock item,470.42,93.73,section_panel
MARS56,MARSEILLE 5 x 6 SECTION,Non-stock item,555.16,140.34,section_panel
MARS64,MARSEILLE 6 x 4 SECTION,Non-stock item,478.09,97.95,section_panel
MARS66,MARSEILLE 6 x 6 SECTION,Non-stock item,570.42,148.73,section_panel
MARSG43,MARSEILLE GATE 4 x 3 OPEN,Non-stock item,479.06,114.53,gate
MARSG44,MARSEILLE GATE 4 x 4 OPEN,Non-stock item,504.12,127.06,gate
MARSG45,MARSEILLE GATE 4 x 5 OPEN,Non-stock item,541.18,145.59,gate
MARSG53,MARSEILLE GATE 5 x 3 OPEN,Non-stock item,512.16,131.08,gate
MARSG54,MARSEILLE GATE 5 x 4 OPEN,Non-stock item,544.42,147.21,gate
MARSG55,MARSEILLE GATE 5 x 5 OPEN,Non-stock item,586.78,168.39,gate
MARSG63,MARSEILLE GATE 6 x 3 OPEN,Non-stock item,529.56,139.78,gate
MARSG64,MARSEILLE GATE 6 x 4 OPEN,Non-stock item,566.86,158.43,gate
MARSG65,MARSEILLE GATE 6 x 5 OPEN,Non-stock item,614.24,182.12,gate
MB,MAILBOX POST STAND,Non-stock item,103.24,56.78,post
MB48,MELBOURNE 4 x 8 SECTION,Non-stock item,207.53,103.14,section_panel
MB58,MELBOURNE 5 x 8 SECTION,Non-stock item,236.04,118.82,section_panel
MB68,MELBOURNE 6 x 8 SECTION,Non-stock item,287.24,146.98,section_panel
MBATT,"Battery, 12vdc-7ah",Non-stock item,41.42,18.64,other
MBG43,MELBOURNE GATE 4 x 3 OPEN,Non-stock item,361.6,105.8,gate
MBG44,MELBOURNE GATE 4 x 4 OPEN,Non-stock item,384.8,117.4,gate
MBG45,MELBOURNE GATE 4 x 5 OPEN,Non-stock item,406.04,128.02,gate
MBG53,MELBOURNE GATE 5 x 3 OPEN,Non-stock item,382.2,116.1,gate
MBG54,MELBOURNE GATE 5 x 4 OPEN,Non-stock item,409.32,129.66,gate
MBG55,MELBOURNE GATE 5 x 5 OPEN,Non-stock item,434.48,142.24,gate
MBG63,MELBOURNE GATE 6 x 3 OPEN,Non-stock item,402.8,126.4,gate
MBG64,MELBOURNE GATE 6 x 4 OPEN,Non-stock item,433.84,141.92,gate
MBG65,MELBOURNE GATE 6 x 5 OPEN,Non-stock item,462.92,156.46,gate
MBH250,MALLAEBLE BOX HINGE 2-1/2 in,Non-stock item,14.34,7.17,gate
MBH300,MALLAEBLE BOX HINGE 3 in,Non-stock item,14.96,7.48,gate
MBH400,MALLAEBLE BOX HINGE 4 in,Non-stock item,16.18,8.09,gate
MBH658,MALLAEBLE BOX HINGE 6-5/8 in,Non-stock item,41.08,20.54,gate
MBL48,MELBOURNE W/LATICE 4 x 8 SEC,Non-stock item,319.29,145.36,other
MBL58,MELBOURNE W/LATICE 5 x 8 SEC,Non-stock item,344.64,159.3,other
MBL68,MELBOURNE W/LATICE 6 x 8 SEC,Non-stock item,368.96,172.68,other
MBLG43,MELB W/LAT GATE 4 x 3 OPEN,Non-stock item,342.74,121.37,gate
MBLG44,MELB W/LAT GATE 4 x 4 OPEN,Non-stock item,369.48,134.74,gate
MBLG45,MELB W/LAT GATE 4 x 5 OPEN,Non-stock item,395.86,147.93,gate
MBLG53,MELB W/LAT GATE 5 x 3 OPEN,Non-stock item,360.52,130.26,gate
MBLG54,MELB W/LAT GATE 5 x 4 OPEN,Non-stock item,389.92,144.96,gate
MBLG55,MELB W/LAT GATE 5 x 5 OPEN,Non-stock item,420.62,160.31,gate
MBLG63,MELB W/LAT GATE 6 x 3 OPEN,Non-stock item,377.46,138.73,gate
MBLG64,MELB W/LAT GATE 6 x 4 OPEN,Non-stock item,410.34,155.17,gate
MBLG65,MELB W/LAT GATE 6 x 5 OPEN,Non-stock item,444.54,172.27,gate
MBM,MAILBOX MOUNT,Non-stock item,8.62,4.74,other
MBS,MAILBOX POST W/ SCROLL DÉCOR,Non-stock item,60.36,33.2,post
MBW,MAILBOX POST W/ WHEEL DÉCOR,Non-stock item,69.84,38.41,post
MDL,MAXIMA GATE LATCH,Non-stock item,22.2,8.88,gate
MFH138,MALLEABLE FRAME HINGE 1-3/8 in,Non-stock item,5.84,2.63,gate
MFH158,MALLEABLE FRAME HINGE 1-5/8 in,Non-stock item,10.38,4.67,gate
MICRIS,LED MICRIS LIGHTS EACH,Non-stock item,34.0,17.0,other
MIN4,4 MINEOLA CUSTOM WOOD,Non-stock item,214.29,150.0,section_panel
MIN5,5 MINEOLA CUSTOM WOOD,Non-stock item,250.0,175.0,section_panel
MIN6,6 MINEOLA CUSTOM WOOD,Non-stock item,282.8,197.96,section_panel
MIN8,8 MINEOLA CUSTOM WOOD,Non-stock item,321.43,225.0,section_panel
misc,,Non-stock item,0.0,0.0,other
MISS3,MISSOURI 3 x 6 SECTION,Non-stock item,84.82,35.65,section_panel
MISS4,MISSOURI 4 x 6 SECTION,Non-stock item,96.09,41.85,section_panel
MISS42,MISSOURI 42 x 6 SECTION,Non-stock item,90.45,38.75,section_panel
MISSG33,MISSOURI GATE 3 x 3 OPEN,Non-stock item,200.4,60.2,gate
MISSG34,MISSOURI GATE 3 x 4 OPEN,Non-stock item,210.18,65.09,gate
MISSG35,MISSOURI GATE 3 x 5 OPEN,Non-stock item,219.58,69.79,gate
MISSG423,MISSOURI GATE 42 x 3 OPEN,Non-stock item,207.78,63.89,gate
MISSG424,MISSOURI GATE 42 x 4 OPEN,Non-stock item,215.17,67.58,gate
MISSG425,MISSOURI GATE 42 x 5 OPEN,Non-stock item,233.96,76.98,gate
MISSG43,MISSOURI GATE 4 x 3 OPEN,Non-stock item,215.16,67.58,gate
MISSG44,MISSOURI GATE 4 x 4 OPEN,Non-stock item,226.18,73.09,gate
MISSG45,MISSOURI GATE 4 x 5 OPEN,Non-stock item,242.66,81.33,gate
ML,S S MAXI LATCH,Non-stock item,35.42,23.38,gate
MLRG4R,4 in Round MALL LOWER ROLLER G,Non-stock item,67.24,39.0,other
MLRG4S,4 in Square MALL LOWER ROLLER,Non-stock item,71.1,41.24,other
MLRPAK,ROUND POST ADAPTER KIT,Non-stock item,0.0,0.0,post
MLWG,TRIDENT MAGNA LATCH WITH GATE,Non-stock item,105.8,52.9,gate
MLWOG,TRIDENT LATCH W/OUT GATE,Non-stock item,105.8,52.9,gate
MMTB10,3/16 x 3/8 x 10 TEN BAR FOR 1,Non-stock item,14.84,7.42,other
MMTB12,3/16 x 3/8 x 12 TEN BAR FOR 1,Non-stock item,25.5,12.75,other
MMTB4,3/16 x 3/8 x 4 TEN BAR FOR 1 i,Non-stock item,0.0,0.0,other
MMTB5,3/16 x 3/8 x 5 TEN BAR FOR 1 i,Non-stock item,0.0,0.0,other
MMTB6,3/16 x 3/8 x 6 TEN BAR FOR 1 i,Non-stock item,0.0,0.0,other
MMTB8,3/16 x 3/8 x 8 TEN BAR FOR 1 i,Non-stock item,11.82,5.91,other
MOC,2 in MALLA OFFSET CASTING,Non-stock item,25.1,15.06,other
MOH250,2-1/2 in MALL.OFFSET HINGE,Non-stock item,37.48,18.74,gate
MOH300,3 in MALL OFFSET HINGE,Non-stock item,38.76,19.38,gate
MOH400,4 in MALL OFFSET HINGE,Non-stock item,51.82,25.91,gate
MOH658,6-5/8 in MALL OFFSET HINGE,Non-stock item,52.92,26.46,gate
MONT48,MONTAUK 4 x 8 SECTION,Non-stock item,193.74,107.99,section_panel
MONT58,MONTAUK 5 x 8 SECTION,Non-stock item,193.74,107.99,section_panel
MONT68,MONTAUK 6 x 8 SECTION,Non-stock item,211.93,119.63,section_panel
MONTG43,MONTAUK GATE 4 x 3 OPEN,Non-stock item,329.32,107.16,gate
MONTG44,MONTAUK GATE 4 x 4 OPEN,Non-stock item,355.68,120.34,gate
MONTG45,MONTAUK GATE 4 x 5 OPEN,Non-stock item,385.58,135.29,gate
MONTG53,MONTAUK GATE 5 x 3 OPEN,Non-stock item,344.08,114.54,gate
MONTG54,MONTAUK GATE 5 x 4 OPEN,Non-stock item,373.32,129.16,gate
MONTG55,MONTAUK GATE 5 x 5 OPEN,Non-stock item,406.18,145.59,gate
MONTG63,MONTAUK GATE 6 x 3 OPEN,Non-stock item,361.64,123.32,gate
MONTG64,MONTAUK GATE 6 x 4 OPEN,Non-stock item,390.96,137.98,gate
MONTG65,MONTAUK GATE 6 x 5 OPEN,Non-stock item,426.78,155.89,gate
MORNING,MORNING GLORY ARBOR,Non-stock item,1063.64,585.0,other
MPH200,MALLEABLE POST HINGE 2 in.,Non-stock item,7.87,3.54,gate
MPH250,MALLEABLE POST HINGE 2-1/2 in.,Non-stock item,10.91,4.91,gate
MPH300,MALLEABLE POST HINGE 3 in.,Non-stock item,15.29,6.88,gate
MPL,MAXIMA POST LATCH,Non-stock item,15.34,7.67,gate
MPT4A,MONT PT. SCALLOP 4 x 8 SEC,Non-stock item,220.42,127.02,other
MPT4B,MONT PT. STEPPED 4 x 8 SECTION,Non-stock item,220.42,127.02,section_panel
MPT4C,MONT PT. STRAIGHT 4 x 8 SECTIO,Non-stock item,220.42,127.02,other
MPT5A,MONT PT. SCALLOP 5 x 8 SEC,Non-stock item,252.17,147.66,other
MPT5B,MONT PT. STEPPED 5 x 8 SECTION,Non-stock item,252.17,147.66,section_panel
MPT5C,MONT PT. STRAIGHT 5 x 8 SECTIO,Non-stock item,252.17,147.66,other
MPT6A,MONT PT. SCALLOP 6 x 8 SEC,Non-stock item,252.17,147.66,other
MPT6B,MONT PT. STEPPED 6 x 8 SECTION,Non-stock item,252.17,147.66,section_panel
MPT6C,MONT PT. STRAIGHT 6 x 8 SECTIO,Non-stock item,252.17,147.66,other
MPT6XA,MONT PT. SCALLOP 6 x 8 SEC CO-,Non-stock item,253.51,148.53,other
MPT6XB,MONT PT. STEPPED 6 x 8 SEC CO-,Non-stock item,253.51,148.53,other
MPT6XC,MONT PT. STRAIGHT 6 x 8 SEC CO,Non-stock item,253.51,148.53,other
MPTG43A,MONTPT SCAL GATE 4 x 3 OPEN,Non-stock item,548.89,220.42,gate
MPTG43B,MONTPT STEP GATE 4 x 3 OPEN,Non-stock item,548.89,220.42,gate
MPTG43C,MONTPT STRA GATE 4 x 3 OPEN,Non-stock item,548.89,220.42,gate
MPTG44A,MONTPT SCAL GATE 4 x 4 OPEN,Non-stock item,524.58,207.78,gate
MPTG44B,MONTPT STEP GATE 4 x 4 OPEN,Non-stock item,524.58,207.78,gate
MPTG44C,MONTPT STRA GATE 4 x 4 OPEN,Non-stock item,524.58,207.78,gate
MPTG45A,MONTPT SCAL GATE 4 x 5 OPEN,Non-stock item,554.58,223.38,gate
MPTG45B,MONTPT STEP GATE 4 x 5 OPEN,Non-stock item,554.58,223.38,gate
MPTG45C,MONTPT STRA GATE 4 x 5 OPEN,Non-stock item,554.58,223.38,gate
MPTG53A,MONTPT SCAL GATE 5 x 3 OPEN,Non-stock item,519.79,205.29,gate
MPTG53B,MONTPT STEP GATE 5 x 3 OPEN,Non-stock item,519.79,205.29,gate
MPTG53C,MONTPT STRA GATE 5 x 3 OPEN,Non-stock item,519.79,205.29,gate
MPTG54A,MONTPT SCAL GATE 5 x 4 OPEN,Non-stock item,574.5,233.74,gate
MPTG54B,MONTPT STEP GATE 5 x 4 OPEN,Non-stock item,574.5,233.74,gate
MPTG54C,MONTPT STRA GATE 5 x 4 OPEN,Non-stock item,574.5,233.74,gate
MPTG55A,MONTPT SCAL GATE 5 x 5 OPEN,Non-stock item,574.5,233.74,gate
MPTG55B,MONTPT STEP GATE 5 x 5 OPEN,Non-stock item,574.5,233.74,gate
MPTG55C,MONTPT STRA GATE 5 x 5 OPEN,Non-stock item,574.5,233.74,gate
MPTG63A,MONTPT SCAL GATE 6 x 3 OPEN,Non-stock item,525.41,208.21,gate
MPTG63B,MONTPT STEP GATE 6 x 3 OPEN,Non-stock item,525.41,208.21,gate
MPTG63C,MONTPT STRA GATE 6 x 3 OPEN,Non-stock item,525.41,208.21,gate
MPTG64A,MONTPT SCAL GATE 6 x 4 OPEN,Non-stock item,544.35,218.06,gate
MPTG64B,MONTPT STEP GATE 6 x 4 OPEN,Non-stock item,544.35,218.06,gate
MPTG64C,MONTPT STRA GATE 6 x 4 OPEN,Non-stock item,544.35,218.06,gate
MPTG65A,MONTPT SCAL GATE 6 x 5 OPEN,Non-stock item,574.5,233.74,gate
MPTG65B,MONTPT STEP GATE 6 x 5 OPEN,Non-stock item,574.5,233.74,gate
MPTG65C,MONTPT STRA GATE 6 x 5 OPEN,Non-stock item,574.5,233.74,gate
MPTPKT,MONTAUK POINT PICKETS,Non-stock item,139.26,69.63,section_panel
MX000041,HY-5A hy security loop Detecto,Non-stock item,275.56,124.0,other
MX000672,HY SECURITY LIMIT SWITCH mx000,Non-stock item,431.22,237.17,other
MX002707,HYSECURITY 6 IN DRIVE WHEEL mx,Non-stock item,318.18,175.0,other
NAN34,NANTUCKET 3 x 4 SECTION,Non-stock item,97.05,53.38,section_panel
NAN354,NANTUCKET 42 x 4 SECTION,Non-stock item,104.65,57.56,section_panel
NAN356,NANTUCKET 42 x 6 SECTION,Non-stock item,159.35,87.64,section_panel
NAN36,NANTUCKET 3 x 6 SECTION,Non-stock item,147.56,81.16,section_panel
NAN44,NANTUCKET 48 x 4 SECTION,Non-stock item,104.67,57.57,section_panel
NAN46,NANTUCKET 48 x 6 SECTION,Non-stock item,159.4,87.67,section_panel
NANASC,Nantucket ad sign clay,Non-stock item,298.64,164.25,other
NANASG,Nantucket ad sign granite,Non-stock item,325.91,179.25,other
NANASW,Nantucket ad sign white,Non-stock item,285.0,156.75,other
NANG33,NANTUCKET GATE 3 x 3 OPEN,Non-stock item,166.48,83.24,gate
NANG34,NANTUCKET GATE 3 x 4 OPEN,Non-stock item,192.9,96.45,gate
NANG35,NANTUCKET GATE 3 x 5 OPEN,Non-stock item,212.46,106.23,gate
NANG353,NANTUCKET GATE 42 x 3 OPEN,Non-stock item,175.64,87.82,gate
NANG354,NANTUCKET GATE 42 x 4 OPEN,Non-stock item,202.9,101.45,gate
NANG355,NANTUCKET GATE 42 x 5 OPEN,Non-stock item,224.32,112.16,gate
NANG43,NANTUCKET GATE 4 x 3 OPEN,Non-stock item,178.2,89.1,gate
NANG44,NANTUCKET GATE 4 x 4 OPEN,Non-stock item,207.4,103.7,gate
NANG45,NANTUCKET GATE 4 x 5 OPEN,Non-stock item,228.82,114.41,gate
NANTUC,Nantucket II arbor,Non-stock item,612.27,336.75,other
NASS4,4 NASSAU CUSTOM WOOD,Non-stock item,214.29,150.0,section_panel
NASS5,5 NASSAU CUSTOM WOOD,Non-stock item,250.0,175.0,section_panel
NASS6,6 NASSAU CUSTOM WOOD,Non-stock item,282.8,197.96,section_panel
NASS8,8 NASSAU CUSTOM WOOD,Non-stock item,321.43,225.0,section_panel
NEWMB,Newport mailbox post only,Non-stock item,180.35,99.19,post
NEWPORT,Newport arbor,Non-stock item,1089.55,599.25,other
nfs chage,,Non-stock item,0.0,0.0,other
NIR-50,Nir-50 Photo eye reflective 50,Non-stock item,130.45,84.79,other
NOCODE,2-1/2X1-3/8 END CLAMP,Non-stock item,17.4,2.61,other
NOCODE01,GATE COLLAR 1-3/8 P.S,Non-stock item,10.5,2.1,gate
NOCODE02,GATE COLLAR 1-5/8 P.S.,Non-stock item,8.3,1.66,gate
NOCODE03,GATE COLLAR 2 in  P.S.,Non-stock item,8.35,1.67,gate
NOCODE04,2-3/8 x 11-1/2 GA MESH,Non-stock item,0.76,0.38,chain_link
NOCODE05,2 x 6GA. GALVANIZED MESH,Non-stock item,3.27,1.6,chain_link
NOCODE07,ALUM H 2 x 3-1/2 per ft. #9022,Non-stock item,3.71,2.15,aluminum
NOCODE08,PRESS STEEL FRAME CLAMP 1-3/8,Non-stock item,5.33,1.6,other
NOCODE09,PRESS STEEL FRAME CLAMP 1-3/8,Non-stock item,5.13,1.54,other
NOCODE097,3-1/2 in. Brace Band Beveled,Non-stock item,0.0,3.07,chain_link
NOCODE10,PRESS STEEL FRAME CLAMP 1-5/8,Non-stock item,5.17,1.55,other
NOCODE101,2 x 1-3/8 CORNER CLAMPS,Non-stock item,3.5,1.75,other
NOCODE102,2 x 1-5/8 CORNER CLAMPS,Non-stock item,3.66,1.83,other
NOCODE103,2-1/2 x 1-3/8 CORNER CLAMPS,Non-stock item,3.58,1.79,other
NOCODE104,2-1/2 x 1-5/8 CORNER CLAMPS,Non-stock item,3.3,1.65,other
NOCODE105,3 x 1-5/8 CORNER CLAMPS,Non-stock item,3.72,1.86,other
NOCODE106,4 x 1-5/8 CORNER CLAMPS,Non-stock item,0.0,0.0,other
NOCODE11,VINYL PRESS STEEL FRAME CLAMP,Non-stock item,5.0,1.5,vinyl_pvc
NOCODE12,P.S. FRAME CLAMP 2 IN.,Non-stock item,4.57,1.37,other
NOCODE125,2-1/2X1-3/8 BOULEVARD,Non-stock item,17.4,2.61,other
NOCODE13,P.S. FRAME CLAMP 2 IN.VINYL,Non-stock item,3.8,1.14,vinyl_pvc
NOCODE14,P.S. POST HINGE 1-3/8,Non-stock item,5.37,1.61,gate
NOCODE15,P.S. POST HINGE 1-3/8 VINYL,Non-stock item,3.13,0.94,gate
NOCODE16,P.S. POST HINGE 1-5/8,Non-stock item,5.63,1.69,gate
NOCODE17,P.S. POST HINGE 1-5/8 VINYL,Non-stock item,3.93,1.18,gate
NOCODE18,P.S. POST HINGE 2 IN.,Non-stock item,7.1,2.13,gate
NOCODE19,P.S. POST HINGE 2 IN. VINYL,Non-stock item,5.0,1.5,gate
NOCODE20,P.S. POST HINGE 2-1/2,Non-stock item,8.2,2.46,gate
NOCODE21,P.S. POST HINGE 2-1/2 VINYL,Non-stock item,6.7,2.01,gate
NOCODE22,P.S. POST HINGE 3 IN.,Non-stock item,10.33,3.1,gate
NOCODE23,P.S. POST HINGE 3 IN.VINYL,Non-stock item,12.5,3.75,gate
NOCODE24,TENNIS MESH 1-3/4 x 9GA.,Non-stock item,1.28,0.74,chain_link
NOCODE25,COMMERICIAL 2 x 6 VINYL WIRE,Non-stock item,1.86,1.08,chain_link
NOCODE26,1-3/8 x 1-3/8 BOULEVARD,Non-stock item,14.53,2.18,other
NOCODE27,1-3/8X1-3/8 BOULEVARD VINYL,Non-stock item,8.93,1.34,vinyl_pvc
NOCODE28,1-5/8X1-3/8 BOULEVARD,Non-stock item,12.2,1.83,other
NOCODE29,1-5/8X1-3/8 BOULEVARD VINYL,Non-stock item,10.07,1.51,vinyl_pvc
NOCODE30,1-5/8X1-5/8 BOULEVARD,Non-stock item,12.27,1.84,other
NOCODE31,1-5/8X1-5/8 BOULEVARD VINYL,Non-stock item,19.13,2.87,vinyl_pvc
NOCODE32,2X1-3/8 BOULEVARD,Non-stock item,14.4,2.16,other
NOCODE33,2X1-3/8 BOULEVARD VINYL,Non-stock item,16.4,2.46,vinyl_pvc
NOCODE34,2X1-5/8 BOULEVARD,Non-stock item,17.4,2.61,other
NOCODE35,2X1-5/8 BOULEVARD VINYL,Non-stock item,16.87,2.53,vinyl_pvc
NOCODE36,2-1/2X1-5/8 BOULEVARD,Non-stock item,18.4,2.76,other
NOCODE37,2-1/2X1-5/8 BOULEVARD VINYL,Non-stock item,23.53,3.53,vinyl_pvc
NOCODE38,3X1-5/8 BOULEVARD,Non-stock item,17.47,2.62,other
NOCODE39,3X1-5/8 BOULEVARD VINYL,Non-stock item,19.87,2.98,vinyl_pvc
NOCODE40,4X1-5/8 BOULEVARD,Non-stock item,23.07,3.46,other
NOCODE41,4X1-5/8 BOULEVARD VINYL,Non-stock item,48.4,7.26,vinyl_pvc
NOCODE42,1-3/8X1-3/8 END CLAMP,Non-stock item,14.0,2.1,other
NOCODE43,1-3/8X1-3/8 END CLAMP VINYL,Non-stock item,7.07,1.06,vinyl_pvc
NOCODE44,1-3/8X1-5/8 END CLAMP,Non-stock item,13.07,1.96,other
NOCODE45,1-3/8X1-5/8 END CLAMP VINYL,Non-stock item,9.2,1.38,vinyl_pvc
NOCODE46,1-5/8X1-5/8 END CLAMP,Non-stock item,10.67,1.6,other
NOCODE47,1-5/8X1-5/8 END CLAMP VINYL,Non-stock item,9.2,1.38,vinyl_pvc
NOCODE48,2X1-3/8 END CLAMP,Non-stock item,10.67,1.6,other
NOCODE49,2X1-3/8 END CLAMP VINYL,Non-stock item,10.07,1.51,vinyl_pvc
NOCODE50,2X1-5/8 END CLAMP,Non-stock item,12.27,1.84,other
NOCODE51,2X1-5/8 END CLAMP VINYL,Non-stock item,12.87,1.93,vinyl_pvc
NOCODE52,2-1/2X1-5/8 END CLAMP,Non-stock item,17.87,2.68,other
NOCODE53,2-1/2X1-5/8 END CLAMP VINYL,Non-stock item,17.87,2.68,vinyl_pvc
NOCODE54,3X1-5/8 END CLAMP,Non-stock item,17.93,2.69,other
NOCODE55,3X1-5/8 END CLAMP VINYL,Non-stock item,29.67,4.45,vinyl_pvc
NOCODE56,4X1-5/8 END CLAMP,Non-stock item,24.2,3.63,other
NOCODE57,4X1-5/8 END CLAMP VINYL,Non-stock item,8.13,1.22,vinyl_pvc
NOCODE58,2X3-1/2 STALLION STRAIGHT BRAC,Non-stock item,0.0,2.37,other
NOCODE59,2X3-1/2 STALLION STAIR RAIL BR,Non-stock item,0.0,2.37,other
NOCODE60,2X3-1/2 STALLION T RAIL STARIG,Non-stock item,0.0,2.31,other
NOCODE61,2X3-1/2 STALLION T RAIL STAIR,Non-stock item,0.0,2.43,other
NOCODE62,1-3/8 LT. BRACE BAND,Non-stock item,0.0,0.42,chain_link
NOCODE63,1-5/8 LT. BRACE BAND,Non-stock item,0.0,0.47,chain_link
NOCODE64,2 in. LT. BRACE BAND,Non-stock item,0.0,0.75,chain_link
NOCODE65,2-1/2  LT. BRACE BAND,Non-stock item,0.0,0.88,chain_link
NOCODE66,3  LT. BRACE BAND,Non-stock item,0.0,0.74,chain_link
NOCODE67,4  LT. BRACE BAND,Non-stock item,0.0,0.98,chain_link
NOCODE68,1-3/8 LT. TENSION BAND,Non-stock item,0.0,0.42,chain_link
NOCODE69,1-5/8 LT. TENSION BAND,Non-stock item,0.0,0.54,chain_link
NOCODE70,2 in. LT. TENSION BAND,Non-stock item,0.0,0.56,chain_link
NOCODE71,2-1/2 LT. TENSION BAND,Non-stock item,0.0,0.68,chain_link
NOCODE72,3  LT. TENSION BAND,Non-stock item,0.0,0.92,chain_link
NOCODE73,4  LT. TENSION BAND,Non-stock item,0.0,1.17,chain_link
NOCODE74,VINYL 1-3/8 LT. BRACE BAND,Non-stock item,0.0,0.63,chain_link
NOCODE75,VINYL 1-5/8 LT. BRACE BAND,Non-stock item,0.0,0.4,chain_link
NOCODE76,VINYL 2 Lt. brace band w/ bolt,Non-stock item,2.96,0.74,chain_link
NOCODE77,VINYL 2-1/2 in. LT. BRACE BAND,Non-stock item,0.0,0.55,chain_link
NOCODE78,VINYL 3 in. LT. BRACE BAND,Non-stock item,0.0,0.6,chain_link
NOCODE79,VINYL 4 IN. LT. BRACE BAND,Non-stock item,0.0,0.9,chain_link
NOCODE80,VINYL 1-3/8 LT. TENSION BAND,Non-stock item,0.0,0.53,chain_link
NOCODE81,VINYL 1-5/8 LT. TENSION BAND,Non-stock item,0.0,0.51,chain_link
NOCODE82,VINYL 2 in. LT. TENSION BAND,Non-stock item,0.0,0.74,chain_link
NOCODE83,VINYL 2-1/2 in LT.TENSION BAND,Non-stock item,0.0,1.03,chain_link
NOCODE84,VINYL 3 in.  LT. TENSION BAND,Non-stock item,0.0,0.71,chain_link
NOCODE85,VINYL 4 IN.  LT. TENSION BAND,Non-stock item,0.0,0.65,chain_link
NOCODE86,1-5/8 in TENSION BAND BEVELED,Non-stock item,0.0,0.75,chain_link
NOCODE87,2 in TENSION BAND BEVELED,Non-stock item,0.0,0.8,chain_link
NOCODE88,2-1/2 in TENSION BAND BEVELED,Non-stock item,0.0,0.92,chain_link
NOCODE89,3 in TENSION BAND BEVELED,Non-stock item,0.0,0.9,chain_link
NOCODE90,4 in TENSION BAND BEVELED,Non-stock item,0.0,1.42,chain_link
NOCODE91,6-5/8 in TENSION BAND BEVELED,Non-stock item,0.0,2.51,chain_link
NOCODE92,8-5/8 in TENSION BAND BEVELED,Non-stock item,0.0,3.5,chain_link
NOCODE93,1-5/8 in. BRACE BAND BEVELED,Non-stock item,0.0,0.5,chain_link
NOCODE94,2 in. BRACE BAND BEVELED,Non-stock item,0.0,0.8,chain_link
NOCODE95,2-1/2 in. BRACE BAND BEVELED,Non-stock item,0.0,0.9,chain_link
NOCODE96,3 in. BRACE BAND BEVELED,Non-stock item,0.0,0.92,chain_link
NOCODE97,4 in. BRACE BAND BEVELED,Non-stock item,0.0,1.42,chain_link
NOCODE98,6-5/8 in. BRACE BAND BEVELED,Non-stock item,0.0,2.5,chain_link
NOCODE99,8-5/8 in. BRACE BAND BEVELED,Non-stock item,0.0,2.07,chain_link
NOTCH,NOTCH PKTS,Non-stock item,0.56,0.28,other
nsf fee,Service $0.00 $0.00 NSGK NON-SAG KIT FOR WOOD GATES,Non-stock item,10.83,4.33,wood
NTR,RAIL NOTCHER,Non-stock item,155.04,77.52,other
NW093A,"4"""" Aluminum self closing hing",Non-stock item,13.33,8.8,aluminum
NW095-BK,"5-3/4"""" Aluminum self closing",Non-stock item,23.33,15.4,aluminum
NW171SCP5,SELF CLOSING ADJUSTABLE STEEL,Non-stock item,59.38,17.66,other
NW6068-SSB,GATE LATCH SS W RETURN SPRING,Non-stock item,28.47,15.66,gate
NW6255,SLIM LINE SS POST LATCH NW6255,Non-stock item,35.64,23.52,gate
OCE4,4 OCEANSIDE CUSTOM WOOD,Non-stock item,214.29,150.0,section_panel
OCE5,5 OCEANSIDE CUSTOM WOOD,Non-stock item,250.0,175.0,section_panel
OCE6,6 OCEANSIDE CUSTOM WOOD,Non-stock item,282.8,197.96,section_panel
OCE8,8 OCEANSIDE CUSTOM WOOD,Non-stock item,321.43,225.0,section_panel
OHH,ORNAMENTAL H HINGE 5 in,Non-stock item,11.35,4.54,gate
OMRONUL325,Omron ul325 reflect photo eye,Non-stock item,220.0,143.0,other
ONEWAYSIGN,ONE WAY SIGN,Non-stock item,37.14,26.0,other
OPAC46,"OPAL 4X6 3/4"""" PKT ALUMINUM",Non-stock item,0.0,68.72,aluminum
OPAC48,"OPAL 4X8 3/4"""" PKT ALUMINUM",Non-stock item,0.0,89.92,aluminum
OPAC56,"OPAL 5'X6 3/4"""" PKT ALUMINUM",Non-stock item,0.0,0.0,aluminum
OPAC58,"OPAL 5'X8' 3/4"""" PKT ALUMINUM",Non-stock item,0.0,0.0,aluminum
OPACG43,"OPAL 4X3 WALK GATE 3/4"""" PKT",Non-stock item,0.0,171.99,gate
OPACG53,"OPAL 5X3 WALK GATE 3/4"""" PKT",Non-stock item,0.0,0.0,gate
OPAR426,"OPAL 42""""X6 5/8"""" PKT ALUMINUM",Non-stock item,0.0,48.43,aluminum
OPAR46,"OPAL 4'X6 5/8"""" PKT ALUMINUM",Non-stock item,0.0,49.14,aluminum
OR4,ORIENT 4 x 8 SECTION,Non-stock item,197.58,92.17,section_panel
OR5,ORIENT 5 x 8 SECTION,Non-stock item,216.35,102.49,section_panel
OR6,ORIENT 6 x 8 SECTION,Non-stock item,235.11,112.81,section_panel
ORBSH,8 in ORNA. BOLT AND STRAP HING,Non-stock item,34.65,13.86,other
ORG43,ORIENT GATE 4 x 3 OPEN,Non-stock item,267.94,108.97,gate
ORG44,ORIENT GATE 4 x 4 OPEN,Non-stock item,283.62,116.81,gate
ORG45,ORIENT GATE 4 x 5 OPEN,Non-stock item,300.14,125.07,gate
ORG53,ORIENT GATE 5 x 3 OPEN,Non-stock item,284.24,117.12,gate
ORG54,ORIENT GATE 5 x 4 OPEN,Non-stock item,301.32,125.66,gate
ORG55,ORIENT GATE 5 x 5 OPEN,Non-stock item,320.64,135.32,gate
ORG63,ORIENT GATE 6 x 3 OPEN,Non-stock item,298.1,124.05,gate
ORG64,ORIENT GATE 6 x 4 OPEN,Non-stock item,316.58,133.29,gate
ORG65,ORIENT GATE 6 x 5 OPEN,Non-stock item,338.7,144.35,gate
ORIHB7,7 IN BARREL HINGE - per pair,Non-stock item,65.76,32.88,gate
ORPT4A,ORIENT POINT SCAL 4 x 8 SEC,Non-stock item,211.8,99.99,other
ORPT4B,ORIENT POINT STEP 4 x 8 SECTIO,Non-stock item,211.8,99.99,other
ORPT4C,ORIENT POINT STR 4 x 8 SECTION,Non-stock item,211.8,99.99,section_panel
ORPT5A,ORIENT POINT SCAL 5 x 8 SEC,Non-stock item,230.56,110.31,other
ORPT5B,ORIENT POINT STEP 5 x 8 SECTIO,Non-stock item,230.56,110.31,other
ORPT5C,ORIENT POINT STR 5 x 8 SECTION,Non-stock item,230.56,110.31,section_panel
ORPT6A,ORIENT POINT SCAL 6 x 8 SEC,Non-stock item,249.33,120.63,other
ORPT6B,ORIENT POINT STEP 6 x 8 SECTIO,Non-stock item,249.33,120.63,other
ORPT6C,ORIENT POINT STR 6 x 8 SECTION,Non-stock item,249.33,120.63,section_panel
ORPTG43,ORIENT POINT STR GATE 4 x 3 OP,Non-stock item,267.94,108.97,gate
ORPTG44,ORIENT POINT STR GATE 4 x 4 OP,Non-stock item,283.62,116.81,gate
ORPTG45,ORIENT POINT STR GATE 4 x 5 OP,Non-stock item,300.14,125.07,gate
ORPTG53,ORIENT POINT STR GATE 5 x 3 OP,Non-stock item,284.24,117.12,gate
ORPTG54,ORIENT POINT STR GATE 5 x 4 OP,Non-stock item,301.32,125.66,gate
ORPTG55,ORIENT POINT STR GATE 5 x 5 OP,Non-stock item,320.64,135.32,gate
ORPTG63,ORIENT POINT STR GATE 6 x 3 OP,Non-stock item,298.1,124.05,gate
ORPTG64,ORIENT POINT STR GATE 6 x 4 OP,Non-stock item,316.58,133.29,gate
ORPTG65,ORIENT POINT STR GATE 6 x 5 OP,Non-stock item,338.7,144.35,gate
ORSH,8 in ORNA. SCREW AND STRAP HIN,Non-stock item,34.65,13.86,other
OSF,ORANGE SAFTEY FENCE 4 x 100' R,Non-stock item,71.5,35.75,other
OT412,2-1/2X1-3/4X12' OVERHEAD SLIDE,Non-stock item,275.0,110.0,other
overpay,,Charge item,0.0,,labor_charge
OXARCH,OXFORD ARCH,Non-stock item,720.0,396.0,other
OXFLAT,OXFORD FLAT,Non-stock item,390.91,215.0,other
P11,FENCE PLANK 1 x 1 PVC,Non-stock item,0.62,0.34,vinyl_pvc
P12,FENCE PLANK 1 x 2 PVC,Non-stock item,1.56,0.86,vinyl_pvc
P1212,FENCE PLANK 1 x 2 x 12',Non-stock item,18.76,10.32,other
P12136,FENCE PLANK 1 x 2 x 13' 6,Non-stock item,21.11,11.61,other
P12365,FENCE PLANK 1 x 2 x 36-1/2,Non-stock item,5.47,3.01,other
P12A,FENCE PLANK 1 x 2 PVC ALM,Non-stock item,1.72,0.95,vinyl_pvc
P12G,FENCE PLANK 1 x 2 PVC GRAY,Non-stock item,1.72,0.95,vinyl_pvc
P14,FENCE PLANK 1 x 4 PVC,Non-stock item,3.25,1.79,vinyl_pvc
P1412,FENCE PLANK 1 x 4 x 12 PVC,Non-stock item,39.05,21.48,vinyl_pvc
P1416,FENCE PLANK 1 x 4 x 16 PVC,Non-stock item,52.07,28.64,vinyl_pvc
P14A,FENCE PLANK 1 x 4 PVC ALM,Non-stock item,3.58,1.97,vinyl_pvc
P14G,FENCE PLANK 1 x 4 PVC GRAY,Non-stock item,3.58,1.97,vinyl_pvc
P15,FENCE PLANK 1-1/2 x 1-1/2 PVC,Non-stock item,1.87,1.03,vinyl_pvc
P15106,FENCE PLANK 1-1/2 x 1-1/2 x 10,Non-stock item,19.85,10.92,other
P15136,FENCE PLANK 1-1/2 x 1-1/2 x 13,Non-stock item,25.47,14.01,other
P15365,FENCE PLANK 1-1/2 x 1-1/2 x 36,Non-stock item,5.73,3.15,other
P15365BLK,FENCE PLANK 1-1/2X1-1/2X36-1/2,Non-stock item,6.45,3.55,other
P15516NE,RIBBED RAIL 1-1/2 x 5-1/2 x 16,Non-stock item,49.6,27.28,other
P1555,RIBBED RAIL 1-1/2 x 5-1/2  PVC,Non-stock item,3.04,1.67,vinyl_pvc
P155516,RIBBED RAIL 1-1/2 x 5-1/2 x 16,Non-stock item,48.58,26.72,other
P15558,RIBBED RAIL 1-1/2 x 5-1/2 x 8,Non-stock item,24.29,13.36,other
P15558NE,RIBBED RAIL 1-1/2 x 5-1/2 x 8,Non-stock item,25.31,13.92,other
P1555A,RIBBED RAIL 1-1/2 x 5-1/2  PVC,Non-stock item,3.34,1.84,vinyl_pvc
P1555G,RIBBED RAIL 1-1/2 x 5-1/2  PVC,Non-stock item,3.34,1.84,vinyl_pvc
P15A,FENCE PLANK 1-1/2 x 1-1/2 PVC,Non-stock item,2.06,1.13,vinyl_pvc
P15G,FENCE PLANK 1-1/2 x 1-1/2 PVC,Non-stock item,2.06,1.13,vinyl_pvc
P16,FENCE PLANK 1 x 6 PVC,Non-stock item,1.78,0.98,vinyl_pvc
P16143,FENCE PLANK 1 x 6 x 14'3,Non-stock item,25.48,14.01,other
P16166,FENCE PLANK 1 x 6 x 16-1/2,Non-stock item,29.58,16.27,other
P168,FENCE PLANK 1 x 6 x 8 PVC,Non-stock item,14.25,7.84,vinyl_pvc
P16A,FENCE PLANK 1 x 6 PVC ALM,Non-stock item,1.96,1.08,vinyl_pvc
P16G,FENCE PLANK 1 x 6 PVC GRAY,Non-stock item,1.96,1.08,vinyl_pvc
P175175,FENCE PLANK 1-3/4 x 1-3/4 PVC,Non-stock item,0.0,0.0,vinyl_pvc
P17535,FENCE PLANK 1-3/4 x 3-1/2 PVC,Non-stock item,2.0,1.1,vinyl_pvc
P1753512,FENCE PLANK 1-3/4 x 3-1/2 x 12,Non-stock item,24.0,13.2,other
P175358,FENCE PLANK 1-3/4 x 3-1/2 x 8,Non-stock item,16.0,8.8,other
P17535A,FENCE PLANK 1-3/4 x 3-1/2 PVC,Non-stock item,2.2,1.21,vinyl_pvc
P17535G,FENCE PLANK 1-3/4 x 3-1/2 PVC,Non-stock item,2.2,1.21,vinyl_pvc
P235,FENCE PLANK 2 x 3-1/2 PVC,Non-stock item,1.73,0.95,vinyl_pvc
P23512,FENCE PLANK 2 x 3-1/2 PVC GRAY,Non-stock item,20.73,11.4,vinyl_pvc
P23516,FENCE PLANK 2 x 3-1/2 x 16 PVC,Non-stock item,27.64,15.2,vinyl_pvc
P2356,FENCE PLANK 2 x 3-1/2 x 6 PVC,Non-stock item,10.36,5.7,vinyl_pvc
P2358,FENCE PLANK 2 x 3-1/2 x 8 PVC,Non-stock item,13.82,7.6,vinyl_pvc
P235A,FENCE PLANK 2 x 3-1/2 PVC ALM,Non-stock item,1.9,1.05,vinyl_pvc
P235G,FENCE PLANK 2 x 3-1/2 PVC GRAY,Non-stock item,1.9,1.05,vinyl_pvc
P26,FENCE PLANK 2 x 6 PVC,Non-stock item,3.49,1.92,vinyl_pvc
P2612,RIBBED RAIL 2 x 6 x 12 PVC,Non-stock item,41.89,23.04,vinyl_pvc
P2616,RIBBED RAIL 2 x 6 x 16 PVC,Non-stock item,55.85,30.72,vinyl_pvc
P2616NE,RIBBED RAIL 2 x 6 x 16 PVC,Non-stock item,55.85,30.72,vinyl_pvc
P268,RIBBED RAIL 2 x 6 x 8 PVC,Non-stock item,27.93,15.36,vinyl_pvc
P268NE,RIBBED RAIL 2 x 6 x 8 notched,Non-stock item,28.95,15.92,other
P26A,FENCE PLANK 2 x 6 PVC ALM,Non-stock item,3.84,2.11,vinyl_pvc
P26G,FENCE PLANK 2 x 6 PVC GRAY,Non-stock item,3.84,2.11,vinyl_pvc
P27,RIBBED SLOT RAIL 2 x 7 pvc per,Non-stock item,3.38,1.86,vinyl_pvc
P2712NE,RIBBED SLOT RAIL 2 x 7 x 12 PV,Non-stock item,61.6,22.88,other
P2712NEA,RIBBED SLOT RAIL 2 x 7 x 12 no,Non-stock item,65.66,25.11,other
P276NE,Ribbed Slotted 2x7x6' Notched,Non-stock item,41.31,11.72,other
P278,RIBBED SLOT RAIL 2 x 7 x 8 PVC,Non-stock item,48.07,15.44,vinyl_pvc
P278NE,RIBBED SLOT RAIL 2 x 7 x 8 not,Non-stock item,48.07,15.44,other
P278NEA,RIBBED SLOT RAIL 2 x 7 x 8 not,Non-stock item,50.78,16.93,other
P278NEX,RIBBED SLOT RAIL 2 x 7X8 pvc c,Non-stock item,29.38,16.16,vinyl_pvc
P27A,SLOT RIB 2 x 7 PVC almond colo,Non-stock item,3.72,2.05,vinyl_pvc
P27G,SLOT RIB 2 x 7 PVC gray color,Non-stock item,3.72,2.05,vinyl_pvc
P27X,RIBBED SLOT RAIL 2 x 7 PVC CO-,Non-stock item,3.55,1.95,vinyl_pvc
P75150,FENCE PLANK 3/4 x 1-1/2 PVC,Non-stock item,1.36,0.75,vinyl_pvc
P75750,FENCE PLANK 3/4X3/4,Non-stock item,0.0,0.0,other
P783,FENCE PLANK 7/8 x 3 PVC,Non-stock item,1.13,0.62,vinyl_pvc
P783106,FENCE PLANK 7/8 x 3 x 10,Non-stock item,11.95,6.57,other
P783136,FENCE PLANK 7/8 x 3 x 13'6,Non-stock item,15.33,8.43,other
P783A,FENCE PLANK 7/8 x 3 PVC ALM,Non-stock item,1.24,0.68,vinyl_pvc
P783G,FENCE PLANK 7/8 x 3 PVC GRAY,Non-stock item,1.24,0.68,vinyl_pvc
PA45,Post Adapter 45 degree angle P,Non-stock item,7.14,3.0,post
PAC3,PACIFIC 3 x 6 SECTION,Non-stock item,84.16,46.29,section_panel
PAC4,PACIFIC 4 x 6 SECTION,Non-stock item,93.65,51.51,section_panel
PAC42,PACIFIC 42 x 6 SECTION,Non-stock item,89.29,49.11,section_panel
PACD3,PACIFIC DIAMOND 3 x 6 SECTION,Non-stock item,81.93,45.06,section_panel
PACD4,PACIFIC DIAMOND 4 x 6 SECTION,Non-stock item,90.56,49.81,section_panel
PACD42,PACIFIC DIAMOND 42 x 6 SECTION,Non-stock item,86.56,47.61,section_panel
PACDG33,PACIFIC DIAM GATE 3 x 3 OPEN,Non-stock item,142.04,71.02,gate
PACDG34,PACIFIC DIAM GATE 3 x 4 OPEN,Non-stock item,152.04,76.02,gate
PACDG35,PACIFIC DIAM GATE 3 x 5 OPEN,Non-stock item,160.34,80.17,gate
PACDG423,PACIFIC DIAM GATE 42 x 3 OPEN,Non-stock item,146.8,73.4,gate
PACDG424,PACIFIC DIAM GATE 42 x 4 OPEN,Non-stock item,157.54,78.77,gate
PACDG425,PACIFIC DIAM GATE 42 x 5 OPEN,Non-stock item,168.26,84.13,gate
PACDG43,PACIFIC DIAM GATE 4 x 3 OPEN,Non-stock item,151.56,75.78,gate
PACDG44,PACIFIC DIAM GATE 4 x 4 OPEN,Non-stock item,163.02,81.51,gate
PACDG45,PACIFIC DIAM GATE 4 x 5 OPEN,Non-stock item,174.5,87.25,gate
PACG33,PACIFIC GATE 3 x 3 OPEN,Non-stock item,143.2,71.6,gate
PACG34,PACIFIC GATE 3 x 4 OPEN,Non-stock item,153.6,76.8,gate
PACG35,PACIFIC GATE 3 x 5 OPEN,Non-stock item,162.3,81.15,gate
PACG423,PACIFIC GATE 42 x 3 OPEN,Non-stock item,148.18,74.09,gate
PACG424,PACIFIC GATE 42 x 4 OPEN,Non-stock item,159.38,79.69,gate
PACG425,PACIFIC GATE 42 x 5 OPEN,Non-stock item,170.58,85.29,gate
PACG43,PACIFIC GATE 4 x 3 OPEN,Non-stock item,153.14,76.57,gate
PACG44,PACIFIC GATE 4 x 4 OPEN,Non-stock item,165.14,82.57,gate
PACG45,PACIFIC GATE 4 x 5 OPEN,Non-stock item,177.14,88.57,gate
PAINT,10 OZ. TOUCH AND TONE SPRAY,Non-stock item,14.2,6.39,other
PARA4,"PARAMOUNT 6 1/2"""" x 6 1/2 x 46",Non-stock item,1290.91,710.0,other
PARA5,"PARAMOUNT 6 1/2"""" x 6 1/2 x 58",Non-stock item,1436.36,790.0,other
parts,,Non-stock item,0.0,0.0,other
PBAR325,3-1/4X3-1/4X8 ALUM P-BAR SUPPO,Non-stock item,47.79,27.72,aluminum
PBAR6,P-BAR ALUM 1-3/4 x 3-1/2 x 6 .,Non-stock item,19.24,11.16,aluminum
PBAR8,P-BAR ALUM 1-3/4 x 3-1/2 x 8 .,Non-stock item,25.66,14.88,aluminum
PC150,PICKET CAP 1-1/2 x 1-1/2 PVC w,Non-stock item,4.89,0.44,section_panel
PC150A,PICKET CAP 1-1/2 x 1-1/2 PVC A,Non-stock item,5.0,0.45,section_panel
PC150G,PICKET CAP 1-1/2 x 1-1/2 PVC G,Non-stock item,5.0,0.45,section_panel
PC16,PICKET CAP 1 x 6 PVC,Non-stock item,19.44,1.75,section_panel
PC16A,PICKET CAP 1 x 6 PVC ALM,Non-stock item,21.39,1.93,section_panel
PC16G,PICKET CAP 1 x 6 PVC GRAY,Non-stock item,21.39,1.93,section_panel
PC350G,GOTHIC POST CAP 3-1/2 x 3-1/2,Non-stock item,14.57,4.37,post
PC350GA,GOTHIC POST CAP 3-1/2 x 3-1/2,Non-stock item,16.02,4.81,post
PC350GG,GOTHIC POST CAP 3-1/2 x 3-1/2,Non-stock item,16.02,4.81,post
PC350N,NEW ENGLAND CAP 3-1/2 x 3-1/2,Non-stock item,12.07,3.5,other
PC350NA,NEW ENGLAND CAP 3-1/2 x 3-1/2,Non-stock item,13.28,3.85,other
PC350NG,NEW ENG CAP 3-1/2 x 3-1/2 GRAY,Non-stock item,13.28,3.85,other
PC350T,TRADITION POST CAP 3-1/2 x 3-1,Non-stock item,11.08,1.44,post
PC350TA,TRAD. POST CAP 3-1/2X3-1/2 ALM,Non-stock item,12.18,1.58,post
PC350TG,TRAD. POST CAP 3-1/2X3-1/2 GRA,Non-stock item,12.18,1.58,post
PC44F,FEDERATION CAP 4 x 4,Non-stock item,10.83,3.25,other
PC44FA,Federation Post Cap 4x4 Almond,Non-stock item,11.17,3.58,post
PC44FAD,Federation Post Cap 4x4 Adobe,Non-stock item,11.68,3.74,post
PC44FG,Federation Post Cap 4x4 Gray c,Non-stock item,11.17,3.58,post
PC44G,GOTHIC POST CAP 4 x 4,Non-stock item,7.17,2.15,post
PC44GA,GOTHIC POST CAP 4X4 Almond,Non-stock item,7.88,2.37,post
PC44GAD,GOTHIC POST CAP 4x4 Adobe,Non-stock item,8.24,2.47,post
PC44GG,GOTHIC POST CAP 4 x 4 GRAY,Non-stock item,7.88,2.37,post
PC44N,NEW ENGLAND CAP 4 x 4 #1039,Non-stock item,6.03,1.75,other
PC44NA,NEW ENGLAND CAP 4 x 4 ALM,Non-stock item,6.64,1.93,other
PC44NAD,NEW ENGLAND CAP 4x4 Adobe,Non-stock item,6.94,2.01,other
PC44NG,NEW ENGLAND CAP 4 x 4 GRAY,Non-stock item,6.64,1.93,other
PC44T,TRADITIONAL POST CAP 4 x 4,Non-stock item,5.85,0.76,post
PC44TA,TRADITIONAL POST CAP 4X4 ALM,Non-stock item,6.43,0.84,post
PC44TAD,TRADITIONAL POST CAP 4X4 ADOBE,Non-stock item,6.72,0.87,post
PC44TG,TRADITIONAL POST CAP 4X4 GRAY,Non-stock item,6.43,0.84,post
PC44V,NANTUCKET CAP 4X4 #1233,Non-stock item,9.0,2.61,other
PC55F,FEDERATION CAP 5 x 5,Non-stock item,23.33,7.0,other
PC55FA,FEDERATION CAP 5 x 5 Almond CO,Non-stock item,25.67,7.7,other
PC55FAD,Federation Post Cap 5x5 Adobe,Non-stock item,26.83,8.05,post
PC55FG,Federation Post Cap 5x5 Gray c,Non-stock item,25.67,7.7,post
PC55G,GOTHIC POST CAP 5 x 5 #1312,Non-stock item,10.27,3.08,post
PC55GA,GOTHIC POST CAP 5 x 5 ALMOND,Non-stock item,11.29,3.39,post
PC55GAD,Gothic Post Cap 5x5 Adobe,Non-stock item,11.81,3.54,post
PC55GG,GOTHIC POST CAP 5 x 5 GRAY,Non-stock item,11.29,3.39,post
PC55INT,INTERNAL POST CAP 5 x 5,Non-stock item,7.69,1.0,post
PC55INTA,INTERNAL POST CAP 5 x 5 ALM,Non-stock item,8.46,1.1,post
PC55INTG,INTERNAL POST CAP 5 x 5 GRAY,Non-stock item,8.46,1.1,post
PC55N,NEW ENGLAND CAP 5 x 5 #1040,Non-stock item,9.83,2.85,other
PC55NA,NEW ENGLAND CAP 5 x 5 ALM,Non-stock item,10.81,3.14,other
PC55NAD,New england post caps 5x5 adob,Non-stock item,11.3,3.28,post
PC55NG,new england post caps 5x5 gray,Non-stock item,10.59,3.07,post
PC55T,TRADITIONAL POST CAP 5 x 5 #10,Non-stock item,8.08,1.05,post
PC55TA,TRADITIONAL POST CAP 5 x 5 ALM,Non-stock item,8.88,1.16,post
PC55TAD,Traditional Post Cap 5x5 Adobe,Non-stock item,9.29,1.21,post
PC55TG,TRADITIONAL POST CAP 5 x 5 GRA,Non-stock item,8.88,1.16,post
PC55V,NANTUCKET CAP 5X5,Non-stock item,13.0,3.77,other
PC750F,FLEUR-DE-LIS CAP 3/4 IN,Non-stock item,8.33,1.0,other
PC750Q,QUADE FINIAL CAP 3/4 IN,Non-stock item,8.33,1.0,other
PC783,PICKET CAP 7/8 x 3 PVC,Non-stock item,4.5,0.54,section_panel
PC783A,PICKET CAP 7/8 x 3 PVC ALM,Non-stock item,4.95,0.59,section_panel
PC783G,PICKET CAP 7/8 x 3 PVC GRAY,Non-stock item,4.95,0.59,section_panel
PDRIVER,FITS UPTO A 2-1/2 in POST,Non-stock item,70.7,35.35,post
PERG23,PERGOLA END CAP 2X3 1/2,Non-stock item,12.44,6.22,other
PERG26,PERGOLA END CAP 2X6,Non-stock item,24.63,8.62,other
PERG28,PERGOLA END CAP 2X8,Non-stock item,80.0,28.0,other
PERGC150,PERGOLA CLIP 1-1/2x1-1-1/2,Non-stock item,2.86,1.0,other
PERGC200,PERGOLA CLIP 2x2,Non-stock item,2.86,1.0,other
pergola,Roof pergola,Non-stock item,0.0,0.0,other
PH448,Post Hanger 4x4x8-1/2 white co,Non-stock item,13.98,6.99,post
PH556,Post Hanger 5x5x6-1/2 white co,Non-stock item,15.06,7.53,post
PH558,Post Hanger 5x5x8-1/2 white co,Non-stock item,15.34,7.67,post
PHC558,Post Hanger Corner 5x5x8-1/2 w,Non-stock item,17.86,8.93,post
PHOBO,BFT phobos two arm low voltage,Non-stock item,1534.62,997.5,other
PHS100,12 x 3/4 slotted zinc pointed,Non-stock item,0.27,0.06,other
PHS100C,14 x 1 PHIL chrome plated / wh,Non-stock item,1.5,0.33,other
PHS10100,"#10X1"""" phil head self drill s",Non-stock item,0.64,0.14,other
PHS123SSW,12 x 3 PHIL S.S. CHROME WHITE,Non-stock item,1.36,0.3,other
PHS124,"#12X4"""" Phil Head Self s.s",Non-stock item,0.95,0.21,other
PHS125S,12 x 1-1/4 PHIL S.S.SELF TAPPI,Non-stock item,0.0,0.0,other
PHS1275B,"#12X3/4"""" Phil Head Self s.s b",Non-stock item,0.32,0.07,other
PHS1415SSC,#14X1-1/2 hex self drill s.s.,Non-stock item,0.86,0.19,other
PHS142,14 x 2 HEX HEAD SELF DRILL ZIN,Non-stock item,0.41,0.09,other
PHS150,12 x 1 1/2 PHIL head white hea,Non-stock item,0.64,0.14,other
PHS200,14 x 1 HEX HEAD SELF DRILL ZIN,Non-stock item,0.45,0.1,other
PHS300,12 x 3 PHIL S.S. SCREW,Non-stock item,0.68,0.15,other
PHS300S,14 x 3 hex head self drill - z,Non-stock item,0.45,0.1,other
PHS58,12 x 5/8 PHIL HEX HEAD  dacron,Non-stock item,0.64,0.14,other
PHS750S,12 x 3/4 Hex zinc self tapping,Non-stock item,0.27,0.06,other
PHS750W,12X3/4 phil head white,Non-stock item,0.27,0.06,other
PIC4,4' PICNIC TABLE,Non-stock item,547.27,301.0,other
PIC7,7' PIC TABLE,Non-stock item,627.27,345.0,other
PLATE4,4 x 4 x 1/4 in SQUARE PLATE,Non-stock item,11.54,4.04,other
PLATE6,6 x 6 x 1/4 in SQUARE PLATE,Non-stock item,21.69,7.59,other
PLATE638,6 x 6 x 3/8 in SQUARE PLATE,Non-stock item,22.94,8.03,other
PLATE8,8 x 8 x 1/4 in SQUARE PLATE,Non-stock item,35.66,12.48,other
PLATE838,8 x 8 x 3/8 in SQUARE PLATE,Non-stock item,39.29,13.75,other
PLYF,FLAT NOSE PLIERS,Non-stock item,25.6,12.8,other
PLYR,ROUND NOSE PLIERS,Non-stock item,34.0,17.0,other
PM44,4 x 4 S.S. POST MOUNT (support,Non-stock item,85.5,42.75,post
PM55,5 x 5 S.S. POST MOUNT (support,Non-stock item,119.6,59.8,post
PMLJR,PROTECTOR JR. MAG LATCH,Non-stock item,96.43,38.57,gate
PMLSR,"TRIDENT 20"""" MAG LATCH",Non-stock item,119.8,47.92,gate
PNOT,PICKET NOTCHER HAND HELD 1/4 I,Non-stock item,78.0,39.0,section_panel
POT4,POTOMAC 4 x 6 SECTION,Non-stock item,111.02,50.06,section_panel
POT5,POTOMAC 5 x 6 SECTION,Non-stock item,122.29,56.26,section_panel
POT6,POTOMAC 6 x 6 SECTION,Non-stock item,133.56,62.46,section_panel
POTG43,POTOMAC GATE 4 x 3 OPEN,Non-stock item,241.48,80.74,gate
POTG44,POTOMAC GATE 4 x 4 OPEN,Non-stock item,253.26,86.63,gate
POTG45,POTOMAC GATE 4 x 5 OPEN,Non-stock item,268.6,94.3,gate
POTG53,POTOMAC GATE 5 x 3 OPEN,Non-stock item,256.24,88.12,gate
POTG54,POTOMAC GATE 5 x 4 OPEN,Non-stock item,269.26,94.63,gate
POTG55,POTOMAC GATE 5 x 5 OPEN,Non-stock item,287.08,103.54,gate
POTG63,POTOMAC GATE 6 x 3 OPEN,Non-stock item,271.0,95.5,gate
POTG64,POTOMAC GATE 6 x 4 OPEN,Non-stock item,284.02,102.01,gate
POTG65,POTOMAC GATE 6 x 5 OPEN,Non-stock item,305.56,112.78,gate
pro fees,,Non-stock item,0.0,0.0,other
PS1555,POCKET WITH SLOTS 1-1/2 x 5-1/,Non-stock item,6.2,1.24,other
PS17535,POCKET WITH SLOTS 1-3/4 x 3-1/,Non-stock item,8.75,1.75,other
PS235,POCKET WITH SLOTS 2 x 3-1/2,Non-stock item,8.75,1.75,other
PS26,2 x 6 Pocket with slot White,Non-stock item,6.4,1.28,other
PS26AD,2 x 6  External Pocket with s,Non-stock item,12.5,2.5,other
PS26X,2 x 6  External Pocket with sl,Non-stock item,11.13,2.23,other
PS26XA,2 x 6  External Pocket with sl,Non-stock item,12.5,2.5,other
PS27,POCKET WITH SLOTS 2 x 7,Non-stock item,11.25,2.25,other
PS27X,POCKET WITH SLOTS 2 x 7 extern,Non-stock item,25.0,5.0,other
PS-6006,PRO SEAL 6006 LOOP SEALER GALL,Non-stock item,58.26,37.87,other
PSF138,P.S. FRAME CLAMP 1-3/8 W/BOLT,Non-stock item,6.17,1.85,other
PSF158,P.S. FRAME CLAMP 1-5/8 W/BOLT,Non-stock item,6.67,2.0,other
PSF200,P.S. FRAME CLAMP 2 in. W/BOLT,Non-stock item,6.07,1.82,other
PSFUL138,Residential fulcrum latch 1-3/,Non-stock item,83.35,33.34,gate
PSFUL158,Industrial fulcrum latch 1-5/8,Non-stock item,136.1,54.44,gate
PSFUL300,ind fulcram latch strong arm 3,Non-stock item,107.7,43.08,gate
PSLC2138,2 x 1-3/8 P.S. LOOP CAP,Non-stock item,2.35,1.88,other
PSLC2158,2 x 1-5/8 P.S. LOOP CAP,Non-stock item,9.4,1.88,other
PSLC2558,2-1/2 x 1-5/8 P.S. LOOP CAP,Non-stock item,13.0,2.6,other
PSLC3158,3 x 1-5/8 P.S. LOOP CAP,Non-stock item,14.85,2.97,other
PSLC4158,4 x 1-5/8 P.S. LOOP CAP,Non-stock item,31.25,6.25,other
PSM138,P.S. POST HINGE 1-3/8 W/ BOLT,Non-stock item,6.2,1.86,gate
PSM158,P.S. POST HINGE 1-5/8 W/BOLT,Non-stock item,7.13,2.14,gate
PSM200,P.S. POST HINGE 2 in. W/BOLT,Non-stock item,8.6,2.58,gate
PSM250,P.S. POST HINGE 2-1/2 W/BOLT,Non-stock item,9.87,2.96,gate
PSM300,P.S. POST HINGE 3 in. W/BOLT,Non-stock item,11.83,3.55,gate
PST3258,FENCE POST 3-1/4 x 3-1/4 x 8 P,Non-stock item,22.98,12.64,post
PST358,PVC POST 3-1/2 x 3-1/2 x 8,Non-stock item,27.35,15.04,post
PST44,PVC POST 4 x 4 x 4 white color,Non-stock item,17.82,9.8,post
PST44A,PVC POST 4 x 4 x 4 Almond colo,Non-stock item,19.6,10.78,post
PST44AD,PVC POST 4 x 4 x 4 Adobe color,Non-stock item,20.49,11.27,post
PST46,PVC POST 4 x 4 x 78 white colo,Non-stock item,29.4,16.17,post
PST46A,PVC POST 4 x 4 x 78 almond col,Non-stock item,32.34,17.79,post
PST48,PVC POST 4 x 4 x 8 white color,Non-stock item,35.64,19.6,post
PST48A,PVC POST 4 x 4 x 8 almond colo,Non-stock item,39.2,21.56,post
PST48AD,PVC POST 4 x 4 x 8 adobe color,Non-stock item,40.98,22.54,post
PST49,PVC POST 4 x 4 x 9 white color,Non-stock item,40.09,22.05,post
PST49A,PVC POST 4 x 4 x 9 almond colo,Non-stock item,44.1,24.26,post
PST510,PVC POST 5 x 5 x 10 white colo,Non-stock item,40.18,22.1,post
PST510A,PVC POST 5 x 5 x 10 almond col,Non-stock item,44.2,24.31,post
PST510H,PVC HEAVY POST 5 x 5 x 10 whit,Non-stock item,64.91,35.7,post
PST511H,PVC HEAVY POST 5 x 5 x 11 whit,Non-stock item,78.54,43.2,post
PST512,PVC POST 5 x 5 x 12 white colo,Non-stock item,48.22,26.52,post
PST512H,PVC HEAVY POST 5 x 5 x 12 whit,Non-stock item,77.89,42.84,post
PST565,PVC POST 5 x 5 x 6-1/2  white,Non-stock item,26.52,14.59,post
PST565A,PVC POST 5 x 5 x 6-1/2  almond,Non-stock item,29.17,16.04,post
PST565AD,PVC POST 5 x 5 x 6-1/2  adobe,Non-stock item,33.55,18.45,post
PST565B,5X5X78 BLACK COLOR BLANK POST,Non-stock item,65.91,36.25,post
PST565G,PVC POST 5 x 5 x 6-1/2  gray c,Non-stock item,29.17,16.04,post
PST565H,PVC HEAVY POST 5 x 5 x 6-1/2 w,Non-stock item,42.84,23.56,post
PST58,PVC POST 5 x 5 x 8 white color,Non-stock item,36.16,19.89,post
PST58A,PVC POST 5 x 5 x 8 almond colo,Non-stock item,39.78,21.88,post
PST58H,PVC HEAVY POST 5 x 5 x 8 white,Non-stock item,51.93,28.56,post
PST59,PVC POST 5 x 5 x 9 white color,Non-stock item,36.16,19.89,post
PST59A,PVC POST 5 x 5 x 9 almond colo,Non-stock item,39.78,21.88,post
PST59AD,PVC POST 5 x 5 x 9 Adobe color,Non-stock item,41.59,22.87,post
PST59B,5X5X9 BLACK COLOR BLANK POST,Non-stock item,86.96,47.83,post
PST59G,PVC POST 5 x 5 x 9 Gray color,Non-stock item,39.78,21.88,post
PST59H,PVC HEAVY POST 5 x 5 x 9 white,Non-stock item,58.42,32.13,post
PSW5,5 in. STEEL WHEEL W/FINGER,Non-stock item,25.12,12.56,other
PSW7,7 in. STEEL WHEEL W/FINGER,Non-stock item,33.34,16.67,other
PULL,WOOD GATE HANDLE,Non-stock item,4.28,1.71,gate
PVC12G,GALLLON  #12  PVC GLUE,Non-stock item,88.9,35.56,vinyl_pvc
PVC15,1-1/2 oz CHRISTY GLUE,Non-stock item,8.83,3.53,vinyl_pvc
PVC8,8 oz.  CHRISTY HOT  PVC GLUE,Non-stock item,16.5,6.6,vinyl_pvc
PWOP,39 in pipe without plate 2 alu,Non-stock item,21.6,8.64,chain_link
PWP,39 in pipe with welded plate a,Non-stock item,52.4,12.96,chain_link
QHW44,4 in PVC GATE HELPER WHEEL,Non-stock item,59.38,39.19,gate
QHW55,5 in PVC GATE HELPER WHEEL,Non-stock item,53.21,39.19,gate
QR,50 LB QUICK ROCK PAIL,Non-stock item,95.02,52.26,other
QUICK ROCK,,Non-stock item,0.0,0.0,other
R13821,1-3/8 x 21 SS20 PIPE GALV..80,Non-stock item,41.14,20.16,chain_link
R138F,1-3/8 CUT SS20 .080 - PER FT,Non-stock item,2.18,0.96,other
R158106,"1-5/8 x 10'6"""" SS20 PIPE GALV.",Non-stock item,34.21,15.05,chain_link
R15821,1-5/8 x 21 SS20 PIPE GALV. .08,Non-stock item,60.86,29.82,chain_link
R15824,1-5/8 x 24 SS20 PIPE GALV..085,Non-stock item,69.55,34.08,chain_link
R15842,"1-5/8X42"""" SS20 PIPE GALV..085",Non-stock item,11.3,4.97,chain_link
R1586,1-5/8X6 SS20 PIPE GALV..085,Non-stock item,19.36,8.52,chain_link
R1587,1-5/8X7 SS20 PIPE GALV..085,Non-stock item,22.59,9.94,chain_link
R1588,1-5/8X8 SS20 PIPE GALV..085,Non-stock item,25.82,11.36,chain_link
R158F,1-5/8 CUT SS20 .085 - PER FT,Non-stock item,3.23,1.42,other
R2106,"2 x 10'6"""" SS20 PIPE GALV..090",Non-stock item,35.04,17.17,chain_link
R212,2 x 12 SS20 PIPE GALV..090,Non-stock item,44.18,19.44,chain_link
R221,2 x 21 SS20 PIPE GALV..090,Non-stock item,69.43,34.02,chain_link
R224,2 x 24 SS20 PIPE GALV..090,Non-stock item,79.35,38.88,chain_link
R25106,2-1/2 x 10' 6 SS20 PIPE GALV..,Non-stock item,46.77,20.58,chain_link
R2512,2-1/2 x 12 SS20 PIPE GALV..095,Non-stock item,53.45,23.52,chain_link
R2521,2-1/2 x 21 SS20 PIPE GALV..095,Non-stock item,84.0,41.16,chain_link
R2524,2-1/2 x 24 SS20 PIPE GALV..095,Non-stock item,96.0,47.04,chain_link
R256,2-1/2 x 6 SS20 PIPE GALV..095,Non-stock item,26.73,11.76,chain_link
R257,2-1/2 x 7 SS20 PIPE GALV..095,Non-stock item,31.18,13.72,chain_link
R258,2-1/2 x 8 SS20 PIPE GALV..095,Non-stock item,35.64,15.68,chain_link
R25F,2-1/2 CUT SS20 .095 - PER FT,Non-stock item,4.45,1.96,other
R26,2 x 6 SS20 PIPE GALV..090,Non-stock item,22.09,9.72,chain_link
R27,2 x 7 SS20 PIPE GALV..090,Non-stock item,25.77,11.34,chain_link
R28,2 x 8 SS20 PIPE GALV..090,Non-stock item,29.45,12.96,chain_link
R2F,2  in. CUT SS20 .090 - PER FT,Non-stock item,3.68,1.62,other
R3106,3X10'6 SS20 PIPE GALV..110,Non-stock item,66.25,29.15,chain_link
R312,3X12 SS20 PIPE GALV..110,Non-stock item,75.0,33.0,chain_link
R320SQ,3 X 20 SQUARE STEEL GALV PIPE,Non-stock item,314.29,154.0,chain_link
R321,3 x 21 SS20 PIPE GALV..110,Non-stock item,117.86,57.75,chain_link
R324,3 x 24 SS20 PIPE GALV..110,Non-stock item,134.69,66.0,chain_link
R36,3 x 6 SS20 PIPE GALV..110,Non-stock item,37.5,16.5,chain_link
R37,3X7 SS20 PIPE GALV..110,Non-stock item,43.75,19.25,chain_link
R38,3X8 SS20 PIPE GALV..110,Non-stock item,50.0,22.0,chain_link
R3F,3 CUT SS20 .110 - PER FT,Non-stock item,6.25,2.75,other
RAD175,1 3/4 x 3 1/2 x 4' RAD. RAIL,Non-stock item,0.0,0.0,other
RAD175R,1 3/4 x 3 1/2 x 4' RAD. RAIL R,Non-stock item,0.0,0.0,other
RAD23,2 x 3 1/2 x 4' RADIUS RAIL,Non-stock item,0.0,0.0,other
RAD23R,2 x 3 1/2 x 4' RADIUS RAIL ROU,Non-stock item,0.0,0.0,other
RAD26,2 x 6 x 4' RADIUS RAIL,Non-stock item,0.0,0.0,other
RAD26R,2 x 6 x 4' RADIUS RAIL ROUTED,Non-stock item,0.0,0.0,other
RADF175,1 3/4 x 3 1/2 x 4' RAD. FLAT R,Non-stock item,0.0,0.0,other
RADF175R,1 3/4 x 3 1/2 x 4' RAD. FLAT R,Non-stock item,0.0,0.0,other
Railing,New PVC Handrails,Non-stock item,0.0,0.0,vinyl_pvc
RATCH15,6000 LB RATCHET TIE DOWN 15 FT,Non-stock item,26.04,13.02,other
RATCH27,10000 LB RATCHET TIE DOWN 27FT,Non-stock item,53.84,26.92,other
RB15,15 in RUBBER BUNGI,Non-stock item,3.32,1.66,other
RB21,21 in RUBBER BUNGI,Non-stock item,3.8,1.9,other
RB31,31 in RUBBER BUNGI,Non-stock item,4.68,2.34,other
RDG4,3 X 20 SQUARE STEEL GALV PIPE,Non-stock item,358.74,251.12,chain_link
RDG5,5' RIDGE WITH REDWOOD TOPPER,Non-stock item,358.74,251.12,wood
RDG6,6' RIDGE WITH REDWOOD TOPPER,Non-stock item,358.74,251.12,wood
RE-BWC1,LINEAR RE-1 CCTV CAMERA,Non-stock item,247.69,161.0,other
RED4,4 REDHOOK CUSTOM WOOD,Non-stock item,214.29,150.0,section_panel
RED5,5 REDHOOK CUSTOM WOOD,Non-stock item,250.0,175.0,section_panel
RED6,6 REDHOOK CUSTOM WOOD,Non-stock item,282.8,197.96,section_panel
RED8,8 REDHOOK CUSTOM WOOD,Non-stock item,321.43,225.0,section_panel
REGALARCH,REGAL ARCH,Non-stock item,658.18,362.0,other
REGALFLAT,REGAL FLAT,Non-stock item,438.18,241.0,other
REPAIR,Repair,Charge item,0.0,,labor_charge
RESTOCK FEE,,Non-stock item,0.0,0.0,other
RG10D,10' chainlink fence complete w,Non-stock item,29.01,11.72,chain_link
RG12D,12' chainlink fence complete w,Non-stock item,33.59,13.6,chain_link
RG4C,4' chainlink fence complete wi,Non-stock item,14.04,5.62,chain_link
RG4D,4' chainlink fence complete wi,Non-stock item,14.78,5.9,chain_link
RG5C,5' chainlink fence complete wi,Non-stock item,16.25,6.52,chain_link
RG5D,5' chainlink fence complete wi,Non-stock item,17.07,6.83,chain_link
RG6C,6' chainlink fence complete wi,Non-stock item,18.45,7.42,chain_link
RG6D,6' chainlink fence complete wi,Non-stock item,18.48,7.43,chain_link
RG7D,7' chainlink fence complete wi,Non-stock item,21.65,8.7,chain_link
RG8D,8' chainlink fence complete wi,Non-stock item,24.18,9.75,chain_link
RGL210,2in Square MALL ROLL EASY GATE,Non-stock item,24.9,14.44,gate
RGL4,4in Round MALL ROLL EASY GATE,Non-stock item,77.59,45.0,gate
RGL658,6-5/8in Round MALL ROLL EASY G,Non-stock item,179.1,103.88,other
RH266,"Rail Hanger 2X6X6-1/2"""" white",Non-stock item,14.5,7.25,other
RH268,"Rail Hanger 2X6X8-1/2"""" white",Non-stock item,15.12,7.56,other
RHA210,Rail Hanger Accessory Hanger 2,Non-stock item,13.74,6.87,other
RHA218,Rail Hanger Accessory Hanger 2,Non-stock item,13.94,6.97,other
RHA26,Rail Hanger Accessory Hanger 2,Non-stock item,13.54,6.77,other
RHB288,"Basket Hanger 2""""x8-1/2 ext  8",Non-stock item,30.0,15.0,other
RHF2158,"Rail Hanger 2""""x1-1/2'X8-1/2""""",Non-stock item,12.56,6.28,other
RHF238,"Rail Hanger 2""""x3'X8-1/2"""" Fit",Non-stock item,12.34,6.17,other
RHS2612,Pool Accessory Hanger 2x6x12 w,Non-stock item,13.24,6.62,other
RHS2621,Pool Accessory Hanger 2x6x21 w,Non-stock item,13.76,6.88,other
RIV150,DRIVE RIVETS 1/4 x 1-1/2,Non-stock item,1.2,0.6,other
RIV34,DRIVE RIVETS 1/4 x 3/4,Non-stock item,0.8,0.4,other
RIVARCH,RIVIERA ARCH,Non-stock item,781.82,430.0,other
RIVFLAT,RIVIERA FLAT,Non-stock item,422.55,232.4,other
ROCH4,ROCHESTER 4 x 8 SECTION,Non-stock item,177.13,86.42,section_panel
ROCH5,ROCHESTER 5 x 8 SECTION,Non-stock item,205.31,101.92,section_panel
ROCH6,ROCHESTER 6 x 8 SECTION,Non-stock item,233.49,117.42,section_panel
ROCHG43,ROCHESTER GATE 4 x 3 OPEN,Non-stock item,241.2,75.6,gate
ROCHG44,ROCHESTER GATE 4 x 4 OPEN,Non-stock item,257.48,83.74,gate
ROCHG45,ROCHESTER GATE 4 x 5 OPEN,Non-stock item,272.68,91.34,gate
ROCHG53,ROCHESTER GATE 5 x 3 OPEN,Non-stock item,261.8,85.9,gate
ROCHG54,ROCHESTER GATE 5 x 4 OPEN,Non-stock item,281.32,95.66,gate
ROCHG55,ROCHESTER GATE 5 x 5 OPEN,Non-stock item,299.76,104.88,gate
ROCHG63,ROCHESTER GATE 6 x 3 OPEN,Non-stock item,282.4,96.2,gate
ROCHG64,ROCHESTER GATE 6 x 4 OPEN,Non-stock item,305.16,107.58,gate
ROCHG65,ROCHESTER GATE 6 x 5 OPEN,Non-stock item,326.84,118.42,gate
ROCKMB,Rockport  mail box post only,Non-stock item,330.65,181.86,post
ROOK,ROOK Round post adapter 5 in s,Non-stock item,42.93,18.03,post
ROOK4,ROOK Round post adapter 4X4 in,Non-stock item,42.93,18.03,post
ROSE,MEDIUM ROSE SCROLL,Non-stock item,9.98,4.99,other
ROSE3,3 ROSEDALE CUSTOM WOOD,Non-stock item,110.26,77.18,section_panel
ROSE35,42 in ROSEDALE CUSTOM WOOD,Non-stock item,120.0,84.0,section_panel
ROSE4,4 ROSEDALE CUSTOM WOOD,Non-stock item,124.6,87.22,section_panel
ROUTP,ROUTING POSTS,Non-stock item,0.35,0.35,other
ROUTR,ROUTING RAILS PER SIDE,Non-stock item,12.0,12.0,other
RPP,RAISED PANEL PORCH 5000 LBS,Non-stock item,190.8,104.94,section_panel
RR18G,RAZOR COIL 18 in LOOP GALV 50',Non-stock item,86.63,34.65,chain_link
RR18S,RAZOR COIL 18 in SS GALV 50',Non-stock item,357.2,142.88,chain_link
RUSTOQT,Rustoleum quart size silver al,Non-stock item,16.66,8.33,other
RUSTOSPRAY,Rustoleum spray paint 12 oz si,Non-stock item,15.9,7.95,other
RUTRUN,PNEUMATIC CARRIER WHEELS,Non-stock item,112.34,73.02,other
RV10D,10' chainlink fence complete w,Non-stock item,24.76,10.02,chain_link
RV12D,12' chainlink fence complete w,Non-stock item,28.49,11.56,chain_link
RV4C,4' chainlink fence complete wi,Non-stock item,12.34,4.94,chain_link
RV4D,4' chainlink fence complete wi,Non-stock item,13.08,5.22,chain_link
RV5C,5' chainlink fence complete wi,Non-stock item,14.12,5.67,chain_link
RV5D,5' chainlink fence complete wi,Non-stock item,14.94,5.98,chain_link
RV6C,6' chainlink fence complete wi,Non-stock item,15.9,6.4,chain_link
RV6D,6' chainlink fence complete wi,Non-stock item,16.81,6.75,chain_link
RV7D,7' chainlink fence complete wi,Non-stock item,18.67,7.51,chain_link
RV8D,8' chainlink fence complete wi,Non-stock item,20.78,8.39,chain_link
RW6,RUBBER WHEEL ONLY 6 in,Non-stock item,37.2,16.37,other
RW8,RUBBER WHEEL ONLY 8 in,Non-stock item,41.45,18.24,other
SA325,1 3/4 x 3 1/2 ARCH FOR ARBOR,Non-stock item,0.0,0.0,other
SA400,4 in STOP ASSEMBLY FOR OVER HE,Non-stock item,43.31,23.82,other
SA658,6-5/8 in STOP ASSEMBLY FOR OVE,Non-stock item,59.38,32.66,other
SAC4,SACRAMENTO 4 x 8 SECTION,Non-stock item,196.16,96.89,section_panel
SAC5,SACRAMENTO 5 x 8 SECTION,Non-stock item,224.25,112.34,section_panel
SAC6,SACRAMENTO 6 x 8 SECTION,Non-stock item,254.22,128.82,section_panel
SACG43,SACRAMENTO GATE 4 x 3 OPEN,Non-stock item,274.74,97.37,gate
SACG44,SACRAMENTO GATE 4 x 4 OPEN,Non-stock item,299.22,109.61,gate
SACG45,SACRAMENTO GATE 4 x 5 OPEN,Non-stock item,323.7,121.85,gate
SACG53,SACRAMENTO GATE 5 x 3 OPEN,Non-stock item,290.02,105.01,gate
SACG54,SACRAMENTO GATE 5 x 4 OPEN,Non-stock item,314.3,117.15,gate
SACG55,SACRAMENTO GATE 5 x 5 OPEN,Non-stock item,340.34,130.17,gate
SACG63,SACRAMENTO GATE 6 x 3 OPEN,Non-stock item,300.62,110.31,gate
SACG64,SACRAMENTO GATE 6 x 4 OPEN,Non-stock item,330.78,125.39,gate
SACG65,SACRAMENTO GATE 6 x 5 OPEN,Non-stock item,360.94,140.47,gate
SAG3,SAG HARBOR 3 x 8 SECTION,Non-stock item,154.71,71.34,section_panel
SAG4,SAG HARBOR 4 x 8 SECTION,Non-stock item,175.0,82.5,section_panel
SAG42,SAG HARBOR 42 x 8 SECTION,Non-stock item,164.85,76.92,section_panel
SAGG33,SAG HARBOR GATE 3 x 3 OPEN,Non-stock item,219.92,64.96,gate
SAGG34,SAG HARBOR GATE 3 x 4 OPEN,Non-stock item,237.48,73.74,gate
SAGG35,SAG HARBOR GATE 3 x 5 OPEN,Non-stock item,250.24,80.12,gate
SAGG353,SAG HARBOR GATE 42 x 3 OPEN,Non-stock item,228.54,69.27,gate
